
 /----------------------------------------------------------------------------\
 |  yosys -- Yosys Open SYnthesis Suite                                       |
 |  Copyright (C) 2012 - 2026  Claire Xenia Wolf <claire@yosyshq.com>         |
 |  Distributed under an ISC-like license, type "license" to see terms        |
 \----------------------------------------------------------------------------/
 Yosys 0.69+post (git sha1 143eb14f9cc55d6f8927e68523b0c9d2166ed02c, Release, AppleClang clang++ 21.0.0.21000101)

-- Running command `
  read_verilog -sv rtl/aegis_pkg.sv rtl/sync_fifo.sv rtl/xy_route.sv rtl/rr_arbiter.sv rtl/crossbar_5x5.sv rtl/router_core.sv rtl/ecc_secded_encoder.sv rtl/ecc_secded_decoder.sv rtl/aegis_noc.sv
  hierarchy -check -top aegis_noc
  proc
  check -assert
  synth -top aegis_noc -flatten -nordff
  check -assert
  select -assert-none t:$_DLATCH* t:$dlatch* t:$_SR* t:$sr
  tee -o reports/yosys/aegis_noc/stat_generic.rpt stat
  dfflegalize -cell $_DFF_P_ 01
  abc -g cmos2
  opt_clean
  tee -o reports/yosys/aegis_noc/stat_cmos.rpt stat -tech cmos
  tee -o reports/yosys/aegis_noc/ltp.rpt ltp -noff
  write_verilog -noattr build/aegis_noc_yosys_generic.v
' --

1. Executing Verilog-2005 frontend: rtl/aegis_pkg.sv
Parsing SystemVerilog input from `rtl/aegis_pkg.sv' to AST representation.
Successfully finished Verilog frontend.

2. Executing Verilog-2005 frontend: rtl/sync_fifo.sv
Parsing SystemVerilog input from `rtl/sync_fifo.sv' to AST representation.
Generating RTLIL representation for module `\sync_fifo'.
Successfully finished Verilog frontend.

3. Executing Verilog-2005 frontend: rtl/xy_route.sv
Parsing SystemVerilog input from `rtl/xy_route.sv' to AST representation.
Generating RTLIL representation for module `\xy_route'.
Successfully finished Verilog frontend.

4. Executing Verilog-2005 frontend: rtl/rr_arbiter.sv
Parsing SystemVerilog input from `rtl/rr_arbiter.sv' to AST representation.
Generating RTLIL representation for module `\rr_arbiter'.
Successfully finished Verilog frontend.

5. Executing Verilog-2005 frontend: rtl/crossbar_5x5.sv
Parsing SystemVerilog input from `rtl/crossbar_5x5.sv' to AST representation.
Generating RTLIL representation for module `\crossbar_5x5'.
Successfully finished Verilog frontend.

6. Executing Verilog-2005 frontend: rtl/router_core.sv
Parsing SystemVerilog input from `rtl/router_core.sv' to AST representation.
Generating RTLIL representation for module `\router_core'.
Successfully finished Verilog frontend.

7. Executing Verilog-2005 frontend: rtl/ecc_secded_encoder.sv
Parsing SystemVerilog input from `rtl/ecc_secded_encoder.sv' to AST representation.
Generating RTLIL representation for module `\ecc_secded_encoder'.
Successfully finished Verilog frontend.

8. Executing Verilog-2005 frontend: rtl/ecc_secded_decoder.sv
Parsing SystemVerilog input from `rtl/ecc_secded_decoder.sv' to AST representation.
Generating RTLIL representation for module `\ecc_secded_decoder'.
Successfully finished Verilog frontend.

9. Executing Verilog-2005 frontend: rtl/aegis_noc.sv
Parsing SystemVerilog input from `rtl/aegis_noc.sv' to AST representation.
Generating RTLIL representation for module `\aegis_noc'.
Successfully finished Verilog frontend.

10. Executing HIERARCHY pass (managing design hierarchy).

10.1. Analyzing design hierarchy..
Top module:  \aegis_noc
Used module:     \ecc_secded_encoder
Used module:     \ecc_secded_decoder
Used module:     \router_core
Used module:         \rr_arbiter
Used module:         \xy_route
Used module:         \sync_fifo
Used module:         \crossbar_5x5
Parameter \N = 5

10.2. Executing AST frontend in derive mode using pre-parsed AST for module `\rr_arbiter'.
Parameter \N = 5
Generating RTLIL representation for module `$paramod\rr_arbiter\N=s32'00000000000000000000000000000101'.
Parameter \N = 5
Found cached RTLIL representation for module `$paramod\rr_arbiter\N=s32'00000000000000000000000000000101'.
Parameter \N = 5
Found cached RTLIL representation for module `$paramod\rr_arbiter\N=s32'00000000000000000000000000000101'.
Parameter \N = 5
Found cached RTLIL representation for module `$paramod\rr_arbiter\N=s32'00000000000000000000000000000101'.
Parameter \N = 5
Found cached RTLIL representation for module `$paramod\rr_arbiter\N=s32'00000000000000000000000000000101'.
Parameter \WIDTH = 32
Parameter \DEPTH = 4

10.3. Executing AST frontend in derive mode using pre-parsed AST for module `\sync_fifo'.
Parameter \WIDTH = 32
Parameter \DEPTH = 4
Generating RTLIL representation for module `$paramod$095b84765515c3f3395f1acd550fe9c4f2ca9dc4\sync_fifo'.
Parameter \WIDTH = 32
Parameter \DEPTH = 4
Found cached RTLIL representation for module `$paramod$095b84765515c3f3395f1acd550fe9c4f2ca9dc4\sync_fifo'.
Parameter \WIDTH = 32
Parameter \DEPTH = 4
Found cached RTLIL representation for module `$paramod$095b84765515c3f3395f1acd550fe9c4f2ca9dc4\sync_fifo'.
Parameter \WIDTH = 32
Parameter \DEPTH = 4
Found cached RTLIL representation for module `$paramod$095b84765515c3f3395f1acd550fe9c4f2ca9dc4\sync_fifo'.
Parameter \WIDTH = 32
Parameter \DEPTH = 4
Found cached RTLIL representation for module `$paramod$095b84765515c3f3395f1acd550fe9c4f2ca9dc4\sync_fifo'.
Parameter \W = 32

10.4. Executing AST frontend in derive mode using pre-parsed AST for module `\crossbar_5x5'.
Parameter \W = 32
Generating RTLIL representation for module `$paramod\crossbar_5x5\W=s32'00000000000000000000000000100000'.
Parameter \CURRENT_X = 2'01
Parameter \CURRENT_Y = 2'01

10.5. Executing AST frontend in derive mode using pre-parsed AST for module `\router_core'.
Parameter \CURRENT_X = 2'01
Parameter \CURRENT_Y = 2'01
Generating RTLIL representation for module `$paramod\router_core\CURRENT_X=2'01\CURRENT_Y=2'01'.

10.6. Analyzing design hierarchy..
Top module:  \aegis_noc
Used module:     \ecc_secded_encoder
Used module:     \ecc_secded_decoder
Used module:     $paramod\router_core\CURRENT_X=2'01\CURRENT_Y=2'01
Used module:         \rr_arbiter
Used module:         \xy_route
Used module:         \sync_fifo
Used module:         \crossbar_5x5
Parameter \N = 5
Found cached RTLIL representation for module `$paramod\rr_arbiter\N=s32'00000000000000000000000000000101'.
Parameter \N = 5
Found cached RTLIL representation for module `$paramod\rr_arbiter\N=s32'00000000000000000000000000000101'.
Parameter \N = 5
Found cached RTLIL representation for module `$paramod\rr_arbiter\N=s32'00000000000000000000000000000101'.
Parameter \N = 5
Found cached RTLIL representation for module `$paramod\rr_arbiter\N=s32'00000000000000000000000000000101'.
Parameter \N = 5
Found cached RTLIL representation for module `$paramod\rr_arbiter\N=s32'00000000000000000000000000000101'.
Parameter \WIDTH = 32
Parameter \DEPTH = 4
Found cached RTLIL representation for module `$paramod$095b84765515c3f3395f1acd550fe9c4f2ca9dc4\sync_fifo'.
Parameter \WIDTH = 32
Parameter \DEPTH = 4
Found cached RTLIL representation for module `$paramod$095b84765515c3f3395f1acd550fe9c4f2ca9dc4\sync_fifo'.
Parameter \WIDTH = 32
Parameter \DEPTH = 4
Found cached RTLIL representation for module `$paramod$095b84765515c3f3395f1acd550fe9c4f2ca9dc4\sync_fifo'.
Parameter \WIDTH = 32
Parameter \DEPTH = 4
Found cached RTLIL representation for module `$paramod$095b84765515c3f3395f1acd550fe9c4f2ca9dc4\sync_fifo'.
Parameter \WIDTH = 32
Parameter \DEPTH = 4
Found cached RTLIL representation for module `$paramod$095b84765515c3f3395f1acd550fe9c4f2ca9dc4\sync_fifo'.
Parameter \W = 32
Found cached RTLIL representation for module `$paramod\crossbar_5x5\W=s32'00000000000000000000000000100000'.

10.7. Analyzing design hierarchy..
Top module:  \aegis_noc
Used module:     \ecc_secded_encoder
Used module:     \ecc_secded_decoder
Used module:     $paramod\router_core\CURRENT_X=2'01\CURRENT_Y=2'01
Used module:         $paramod\rr_arbiter\N=s32'00000000000000000000000000000101
Used module:         \xy_route
Used module:         $paramod$095b84765515c3f3395f1acd550fe9c4f2ca9dc4\sync_fifo
Used module:         $paramod\crossbar_5x5\W=s32'00000000000000000000000000100000

10.8. Analyzing design hierarchy..
Top module:  \aegis_noc
Used module:     \ecc_secded_encoder
Used module:     \ecc_secded_decoder
Used module:     $paramod\router_core\CURRENT_X=2'01\CURRENT_Y=2'01
Used module:         $paramod\rr_arbiter\N=s32'00000000000000000000000000000101
Used module:         \xy_route
Used module:         $paramod$095b84765515c3f3395f1acd550fe9c4f2ca9dc4\sync_fifo
Used module:         $paramod\crossbar_5x5\W=s32'00000000000000000000000000100000
Removing unused module `\router_core'.
Removing unused module `\crossbar_5x5'.
Removing unused module `\rr_arbiter'.
Removing unused module `\sync_fifo'.
Removed 4 unused modules.

11. Executing PROC pass (convert processes to netlists).

11.1. Executing PROC_CLEAN pass (remove empty switches from decision trees).
Cleaned up 0 empty switches.

11.2. Executing PROC_RMDEAD pass (remove dead branches from decision trees).
Marked 1 switch rules as full_case in process $proc$rtl/aegis_noc.sv:130$417 in module aegis_noc.
Marked 1 switch rules as full_case in process $proc$rtl/aegis_noc.sv:111$402 in module aegis_noc.
Marked 1 switch rules as full_case in process $proc$rtl/router_core.sv:130$669 in module $paramod\router_core\CURRENT_X=2'01\CURRENT_Y=2'01.
Marked 2 switch rules as full_case in process $proc$rtl/sync_fifo.sv:55$467 in module $paramod$095b84765515c3f3395f1acd550fe9c4f2ca9dc4\sync_fifo.
Marked 1 switch rules as full_case in process $proc$rtl/sync_fifo.sv:48$460 in module $paramod$095b84765515c3f3395f1acd550fe9c4f2ca9dc4\sync_fifo.
Marked 4 switch rules as full_case in process $proc$rtl/xy_route.sv:21$21 in module xy_route.
Marked 1 switch rules as full_case in process $proc$rtl/rr_arbiter.sv:54$450 in module $paramod\rr_arbiter\N=s32'00000000000000000000000000000101.
Marked 5 switch rules as full_case in process $proc$rtl/rr_arbiter.sv:47$448 in module $paramod\rr_arbiter\N=s32'00000000000000000000000000000101.
Removed a total of 0 dead cases.

11.3. Executing PROC_PRUNE pass (remove redundant assignments in processes).
Removed 5 redundant assignments.
Promoted 69 assignments to connections.

11.4. Executing PROC_INIT pass (extract init attributes).

11.5. Executing PROC_ARST pass (detect async resets in processes).

11.6. Executing PROC_ROM pass (convert switches to ROMs).
Converted 0 switches.
<suppressed ~29 debug messages>

11.7. Executing PROC_MUX pass (convert decision trees to multiplexers).
Creating decoders for process `\aegis_noc.$proc$rtl/aegis_noc.sv:130$417'.
     1/2: $0\uncorrectable_error_count[31:0]
     2/2: $0\corrected_error_count[31:0]
Creating decoders for process `\aegis_noc.$proc$rtl/aegis_noc.sv:121$405'.
Creating decoders for process `\aegis_noc.$proc$rtl/aegis_noc.sv:111$402'.
     1/2: $0\ded_evt_q[4:0]
     2/2: $0\sec_evt_q[4:0]
Creating decoders for process `$paramod\router_core\CURRENT_X=2'01\CURRENT_Y=2'01.$proc$rtl/router_core.sv:130$669'.
     1/11: $0\out_data_q[159:0] [159:128]
     2/11: $0\out_data_q[159:0] [127:96]
     3/11: $0\out_valid_q[4:0] [3]
     4/11: $0\out_data_q[159:0] [95:64]
     5/11: $0\out_valid_q[4:0] [2]
     6/11: $0\out_data_q[159:0] [63:32]
     7/11: $0\out_valid_q[4:0] [1]
     8/11: $0\out_data_q[159:0] [31:0]
     9/11: $0\out_valid_q[4:0] [0]
    10/11: $0\out_valid_q[4:0] [4]
    11/11: $1$fordecl_block$122.o[31:0]$671
Creating decoders for process `$paramod\router_core\CURRENT_X=2'01\CURRENT_Y=2'01.$proc$rtl/router_core.sv:109$612'.
Creating decoders for process `$paramod\router_core\CURRENT_X=2'01\CURRENT_Y=2'01.$proc$rtl/router_core.sv:83$530'.
Creating decoders for process `$paramod\crossbar_5x5\W=s32'00000000000000000000000000100000.$proc$rtl/crossbar_5x5.sv:22$473'.
Creating decoders for process `$paramod$095b84765515c3f3395f1acd550fe9c4f2ca9dc4\sync_fifo.$proc$rtl/sync_fifo.sv:55$467'.
     1/3: $0\cnt[2:0]
     2/3: $0\rptr[1:0]
     3/3: $0\wptr[1:0]
Creating decoders for process `$paramod$095b84765515c3f3395f1acd550fe9c4f2ca9dc4\sync_fifo.$proc$rtl/sync_fifo.sv:48$460'.
     1/3: $1$memwr$\mem$rtl/sync_fifo.sv:50$453_EN[31:0]$466
     2/3: $1$memwr$\mem$rtl/sync_fifo.sv:50$453_DATA[31:0]$465
     3/3: $1$memwr$\mem$rtl/sync_fifo.sv:50$453_ADDR[1:0]$464
Creating decoders for process `\xy_route.$proc$rtl/xy_route.sv:21$21'.
     1/4: $4\out_port[2:0]
     2/4: $3\out_port[2:0]
     3/4: $2\out_port[2:0]
     4/4: $1\out_port[2:0]
Creating decoders for process `$paramod\rr_arbiter\N=s32'00000000000000000000000000000101.$proc$rtl/rr_arbiter.sv:54$450'.
     1/1: $0\ptr[2:0]
Creating decoders for process `$paramod\rr_arbiter\N=s32'00000000000000000000000000000101.$proc$rtl/rr_arbiter.sv:47$448'.
     1/5: $5\next_ptr[2:0]
     2/5: $4\next_ptr[2:0]
     3/5: $3\next_ptr[2:0]
     4/5: $2\next_ptr[2:0]
     5/5: $1\next_ptr[2:0]
Creating decoders for process `$paramod\rr_arbiter\N=s32'00000000000000000000000000000101.$proc$rtl/rr_arbiter.sv:35$432'.

11.8. Executing PROC_DLATCH pass (convert process syncs to latches).
No latch inferred for signal `\aegis_noc.\n_sec' from process `\aegis_noc.$proc$rtl/aegis_noc.sv:121$405'.
No latch inferred for signal `\aegis_noc.\n_ded' from process `\aegis_noc.$proc$rtl/aegis_noc.sv:121$405'.
No latch inferred for signal `$paramod\router_core\CURRENT_X=2'01\CURRENT_Y=2'01.\fifo_pop' from process `$paramod\router_core\CURRENT_X=2'01\CURRENT_Y=2'01.$proc$rtl/router_core.sv:109$612'.
No latch inferred for signal `$paramod\router_core\CURRENT_X=2'01\CURRENT_Y=2'01.\req' from process `$paramod\router_core\CURRENT_X=2'01\CURRENT_Y=2'01.$proc$rtl/router_core.sv:83$530'.
No latch inferred for signal `$paramod\crossbar_5x5\W=s32'00000000000000000000000000100000.\out_data' from process `$paramod\crossbar_5x5\W=s32'00000000000000000000000000100000.$proc$rtl/crossbar_5x5.sv:22$473'.
No latch inferred for signal `\xy_route.\out_port' from process `\xy_route.$proc$rtl/xy_route.sv:21$21'.
No latch inferred for signal `$paramod\rr_arbiter\N=s32'00000000000000000000000000000101.\next_ptr' from process `$paramod\rr_arbiter\N=s32'00000000000000000000000000000101.$proc$rtl/rr_arbiter.sv:47$448'.
No latch inferred for signal `$paramod\rr_arbiter\N=s32'00000000000000000000000000000101.\mask' from process `$paramod\rr_arbiter\N=s32'00000000000000000000000000000101.$proc$rtl/rr_arbiter.sv:35$432'.

11.9. Executing PROC_DFF pass (convert process syncs to FFs).
Creating register for signal `\aegis_noc.\corrected_error_count' using process `\aegis_noc.$proc$rtl/aegis_noc.sv:130$417'.
  created $dff cell `$procdff$848' with positive edge clock.
Creating register for signal `\aegis_noc.\uncorrectable_error_count' using process `\aegis_noc.$proc$rtl/aegis_noc.sv:130$417'.
  created $dff cell `$procdff$849' with positive edge clock.
Creating register for signal `\aegis_noc.\sec_evt_q' using process `\aegis_noc.$proc$rtl/aegis_noc.sv:111$402'.
  created $dff cell `$procdff$850' with positive edge clock.
Creating register for signal `\aegis_noc.\ded_evt_q' using process `\aegis_noc.$proc$rtl/aegis_noc.sv:111$402'.
  created $dff cell `$procdff$851' with positive edge clock.
Creating register for signal `$paramod\router_core\CURRENT_X=2'01\CURRENT_Y=2'01.\out_valid_q' using process `$paramod\router_core\CURRENT_X=2'01\CURRENT_Y=2'01.$proc$rtl/router_core.sv:130$669'.
  created $dff cell `$procdff$852' with positive edge clock.
Creating register for signal `$paramod\router_core\CURRENT_X=2'01\CURRENT_Y=2'01.\out_data_q' using process `$paramod\router_core\CURRENT_X=2'01\CURRENT_Y=2'01.$proc$rtl/router_core.sv:130$669'.
  created $dff cell `$procdff$853' with positive edge clock.
Creating register for signal `$paramod\router_core\CURRENT_X=2'01\CURRENT_Y=2'01.$fordecl_block$122.o' using process `$paramod\router_core\CURRENT_X=2'01\CURRENT_Y=2'01.$proc$rtl/router_core.sv:130$669'.
  created $dff cell `$procdff$854' with positive edge clock.
Creating register for signal `$paramod$095b84765515c3f3395f1acd550fe9c4f2ca9dc4\sync_fifo.\wptr' using process `$paramod$095b84765515c3f3395f1acd550fe9c4f2ca9dc4\sync_fifo.$proc$rtl/sync_fifo.sv:55$467'.
  created $dff cell `$procdff$855' with positive edge clock.
Creating register for signal `$paramod$095b84765515c3f3395f1acd550fe9c4f2ca9dc4\sync_fifo.\rptr' using process `$paramod$095b84765515c3f3395f1acd550fe9c4f2ca9dc4\sync_fifo.$proc$rtl/sync_fifo.sv:55$467'.
  created $dff cell `$procdff$856' with positive edge clock.
Creating register for signal `$paramod$095b84765515c3f3395f1acd550fe9c4f2ca9dc4\sync_fifo.\cnt' using process `$paramod$095b84765515c3f3395f1acd550fe9c4f2ca9dc4\sync_fifo.$proc$rtl/sync_fifo.sv:55$467'.
  created $dff cell `$procdff$857' with positive edge clock.
Creating register for signal `$paramod$095b84765515c3f3395f1acd550fe9c4f2ca9dc4\sync_fifo.$memwr$\mem$rtl/sync_fifo.sv:50$453_ADDR' using process `$paramod$095b84765515c3f3395f1acd550fe9c4f2ca9dc4\sync_fifo.$proc$rtl/sync_fifo.sv:48$460'.
  created $dff cell `$procdff$858' with positive edge clock.
Creating register for signal `$paramod$095b84765515c3f3395f1acd550fe9c4f2ca9dc4\sync_fifo.$memwr$\mem$rtl/sync_fifo.sv:50$453_DATA' using process `$paramod$095b84765515c3f3395f1acd550fe9c4f2ca9dc4\sync_fifo.$proc$rtl/sync_fifo.sv:48$460'.
  created $dff cell `$procdff$859' with positive edge clock.
Creating register for signal `$paramod$095b84765515c3f3395f1acd550fe9c4f2ca9dc4\sync_fifo.$memwr$\mem$rtl/sync_fifo.sv:50$453_EN' using process `$paramod$095b84765515c3f3395f1acd550fe9c4f2ca9dc4\sync_fifo.$proc$rtl/sync_fifo.sv:48$460'.
  created $dff cell `$procdff$860' with positive edge clock.
Creating register for signal `$paramod\rr_arbiter\N=s32'00000000000000000000000000000101.\ptr' using process `$paramod\rr_arbiter\N=s32'00000000000000000000000000000101.$proc$rtl/rr_arbiter.sv:54$450'.
  created $dff cell `$procdff$861' with positive edge clock.

11.10. Executing PROC_MEMWR pass (convert process memory writes to cells).

11.11. Executing PROC_CLEAN pass (remove empty switches from decision trees).
Found and cleaned up 1 empty switch in `\aegis_noc.$proc$rtl/aegis_noc.sv:130$417'.
Removing empty process `aegis_noc.$proc$rtl/aegis_noc.sv:130$417'.
Removing empty process `aegis_noc.$proc$rtl/aegis_noc.sv:121$405'.
Found and cleaned up 1 empty switch in `\aegis_noc.$proc$rtl/aegis_noc.sv:111$402'.
Removing empty process `aegis_noc.$proc$rtl/aegis_noc.sv:111$402'.
Found and cleaned up 11 empty switches in `$paramod\router_core\CURRENT_X=2'01\CURRENT_Y=2'01.$proc$rtl/router_core.sv:130$669'.
Removing empty process `$paramod\router_core\CURRENT_X=2'01\CURRENT_Y=2'01.$proc$rtl/router_core.sv:130$669'.
Removing empty process `$paramod\router_core\CURRENT_X=2'01\CURRENT_Y=2'01.$proc$rtl/router_core.sv:109$612'.
Removing empty process `$paramod\router_core\CURRENT_X=2'01\CURRENT_Y=2'01.$proc$rtl/router_core.sv:83$530'.
Removing empty process `$paramod\crossbar_5x5\W=s32'00000000000000000000000000100000.$proc$rtl/crossbar_5x5.sv:22$473'.
Found and cleaned up 4 empty switches in `$paramod$095b84765515c3f3395f1acd550fe9c4f2ca9dc4\sync_fifo.$proc$rtl/sync_fifo.sv:55$467'.
Removing empty process `$paramod$095b84765515c3f3395f1acd550fe9c4f2ca9dc4\sync_fifo.$proc$rtl/sync_fifo.sv:55$467'.
Found and cleaned up 1 empty switch in `$paramod$095b84765515c3f3395f1acd550fe9c4f2ca9dc4\sync_fifo.$proc$rtl/sync_fifo.sv:48$460'.
Removing empty process `$paramod$095b84765515c3f3395f1acd550fe9c4f2ca9dc4\sync_fifo.$proc$rtl/sync_fifo.sv:48$460'.
Found and cleaned up 4 empty switches in `\xy_route.$proc$rtl/xy_route.sv:21$21'.
Removing empty process `xy_route.$proc$rtl/xy_route.sv:21$21'.
Found and cleaned up 2 empty switches in `$paramod\rr_arbiter\N=s32'00000000000000000000000000000101.$proc$rtl/rr_arbiter.sv:54$450'.
Removing empty process `$paramod\rr_arbiter\N=s32'00000000000000000000000000000101.$proc$rtl/rr_arbiter.sv:54$450'.
Found and cleaned up 5 empty switches in `$paramod\rr_arbiter\N=s32'00000000000000000000000000000101.$proc$rtl/rr_arbiter.sv:47$448'.
Removing empty process `$paramod\rr_arbiter\N=s32'00000000000000000000000000000101.$proc$rtl/rr_arbiter.sv:47$448'.
Removing empty process `$paramod\rr_arbiter\N=s32'00000000000000000000000000000101.$proc$rtl/rr_arbiter.sv:35$432'.
Cleaned up 29 empty switches.

11.12. Executing OPT_EXPR pass (perform const folding).
Optimizing module aegis_noc.
Optimizing module ecc_secded_decoder.
<suppressed ~6 debug messages>
Optimizing module ecc_secded_encoder.
<suppressed ~6 debug messages>
Optimizing module $paramod\router_core\CURRENT_X=2'01\CURRENT_Y=2'01.
<suppressed ~10 debug messages>
Optimizing module $paramod\crossbar_5x5\W=s32'00000000000000000000000000100000.
<suppressed ~5 debug messages>
Optimizing module $paramod$095b84765515c3f3395f1acd550fe9c4f2ca9dc4\sync_fifo.
<suppressed ~1 debug messages>
Optimizing module xy_route.
Optimizing module $paramod\rr_arbiter\N=s32'00000000000000000000000000000101.

12. Executing CHECK pass (checking for obvious problems).
Checking module aegis_noc...
Checking module ecc_secded_decoder...
Checking module ecc_secded_encoder...
Checking module $paramod\router_core\CURRENT_X=2'01\CURRENT_Y=2'01...
Checking module $paramod\crossbar_5x5\W=s32'00000000000000000000000000100000...
Checking module $paramod$095b84765515c3f3395f1acd550fe9c4f2ca9dc4\sync_fifo...
Checking module xy_route...
Checking module $paramod\rr_arbiter\N=s32'00000000000000000000000000000101...
Found and reported 0 problems.

13. Executing SYNTH pass.

13.1. Executing HIERARCHY pass (managing design hierarchy).

13.1.1. Analyzing design hierarchy..
Top module:  \aegis_noc
Used module:     \ecc_secded_encoder
Used module:     \ecc_secded_decoder
Used module:     $paramod\router_core\CURRENT_X=2'01\CURRENT_Y=2'01
Used module:         $paramod\rr_arbiter\N=s32'00000000000000000000000000000101
Used module:         \xy_route
Used module:         $paramod$095b84765515c3f3395f1acd550fe9c4f2ca9dc4\sync_fifo
Used module:         $paramod\crossbar_5x5\W=s32'00000000000000000000000000100000

13.1.2. Analyzing design hierarchy..
Top module:  \aegis_noc
Used module:     \ecc_secded_encoder
Used module:     \ecc_secded_decoder
Used module:     $paramod\router_core\CURRENT_X=2'01\CURRENT_Y=2'01
Used module:         $paramod\rr_arbiter\N=s32'00000000000000000000000000000101
Used module:         \xy_route
Used module:         $paramod$095b84765515c3f3395f1acd550fe9c4f2ca9dc4\sync_fifo
Used module:         $paramod\crossbar_5x5\W=s32'00000000000000000000000000100000
Removed 0 unused modules.

13.2. Executing PROC pass (convert processes to netlists).

13.2.1. Executing PROC_CLEAN pass (remove empty switches from decision trees).
Cleaned up 0 empty switches.

13.2.2. Executing PROC_RMDEAD pass (remove dead branches from decision trees).
Removed a total of 0 dead cases.

13.2.3. Executing PROC_PRUNE pass (remove redundant assignments in processes).
Removed 0 redundant assignments.
Promoted 0 assignments to connections.

13.2.4. Executing PROC_INIT pass (extract init attributes).

13.2.5. Executing PROC_ARST pass (detect async resets in processes).

13.2.6. Executing PROC_ROM pass (convert switches to ROMs).
Converted 0 switches.

13.2.7. Executing PROC_MUX pass (convert decision trees to multiplexers).

13.2.8. Executing PROC_DLATCH pass (convert process syncs to latches).

13.2.9. Executing PROC_DFF pass (convert process syncs to FFs).

13.2.10. Executing PROC_MEMWR pass (convert process memory writes to cells).

13.2.11. Executing PROC_CLEAN pass (remove empty switches from decision trees).
Cleaned up 0 empty switches.

13.2.12. Executing OPT_EXPR pass (perform const folding).
Optimizing module aegis_noc.
Optimizing module ecc_secded_decoder.
Optimizing module ecc_secded_encoder.
Optimizing module $paramod\router_core\CURRENT_X=2'01\CURRENT_Y=2'01.
Optimizing module $paramod\crossbar_5x5\W=s32'00000000000000000000000000100000.
Optimizing module $paramod$095b84765515c3f3395f1acd550fe9c4f2ca9dc4\sync_fifo.
Optimizing module xy_route.
Optimizing module $paramod\rr_arbiter\N=s32'00000000000000000000000000000101.

13.3. Executing CHECK pass (checking for obvious problems).
Checking module aegis_noc...
Checking module ecc_secded_decoder...
Checking module ecc_secded_encoder...
Checking module $paramod\router_core\CURRENT_X=2'01\CURRENT_Y=2'01...
Checking module $paramod\crossbar_5x5\W=s32'00000000000000000000000000100000...
Checking module $paramod$095b84765515c3f3395f1acd550fe9c4f2ca9dc4\sync_fifo...
Checking module xy_route...
Checking module $paramod\rr_arbiter\N=s32'00000000000000000000000000000101...
Found and reported 0 problems.

13.4. Executing FLATTEN pass (flatten design).
Deleting now unused module ecc_secded_decoder.
Deleting now unused module ecc_secded_encoder.
Deleting now unused module $paramod\router_core\CURRENT_X=2'01\CURRENT_Y=2'01.
Deleting now unused module $paramod\crossbar_5x5\W=s32'00000000000000000000000000100000.
Deleting now unused module $paramod$095b84765515c3f3395f1acd550fe9c4f2ca9dc4\sync_fifo.
Deleting now unused module xy_route.
Deleting now unused module $paramod\rr_arbiter\N=s32'00000000000000000000000000000101.
<suppressed ~27 debug messages>

13.5. Executing OPT_EXPR pass (perform const folding).
Optimizing module aegis_noc.
<suppressed ~2 debug messages>

13.6. Executing OPT_CLEAN pass (remove unused cells and wires).
Finding unused cells or wires in module \aegis_noc..
Removed 17 unused cells and 823 unused wires.
<suppressed ~20 debug messages>

13.7. Executing CHECK pass (checking for obvious problems).
Checking module aegis_noc...
Found and reported 0 problems.

13.8. Executing OPT pass (performing simple optimizations).

13.8.1. Executing OPT_EXPR pass (perform const folding).
Optimizing module aegis_noc.

13.8.2. Executing OPT_MERGE pass (detect identical cells).
Finding identical cells in module `\aegis_noc'.
Computing hashes of 1062 cells of `\aegis_noc'.
Finding duplicate cells in `\aegis_noc'.
Computing hashes of 1022 cells of `\aegis_noc'.
Finding duplicate cells in `\aegis_noc'.
<suppressed ~120 debug messages>
Removed a total of 40 cells.

13.8.3. Executing OPT_MUXTREE pass (detect dead branches in mux trees).
Running muxtree optimizer on module \aegis_noc..
  Creating internal representation of mux trees.
  Evaluating internal representation of mux trees.
  Analyzing evaluation results.
    dead port 1/2 on $mux $flatten\u_core.\g_in[0].u_route.$procmux$823.
    dead port 1/2 on $mux $flatten\u_core.\g_in[0].u_route.$procmux$817.
    dead port 1/2 on $mux $flatten\u_core.\g_in[0].u_route.$procmux$814.
    dead port 1/2 on $mux $flatten\u_core.\g_in[0].u_route.$procmux$808.
    dead port 1/2 on $mux $flatten\u_core.\g_in[0].u_route.$procmux$805.
    dead port 1/2 on $mux $flatten\u_core.\g_in[0].u_route.$procmux$802.
    dead port 1/2 on $mux $flatten\u_core.\g_in[1].u_route.$procmux$823.
    dead port 1/2 on $mux $flatten\u_core.\g_in[1].u_route.$procmux$817.
    dead port 1/2 on $mux $flatten\u_core.\g_in[1].u_route.$procmux$814.
    dead port 1/2 on $mux $flatten\u_core.\g_in[1].u_route.$procmux$808.
    dead port 1/2 on $mux $flatten\u_core.\g_in[1].u_route.$procmux$805.
    dead port 1/2 on $mux $flatten\u_core.\g_in[1].u_route.$procmux$802.
    dead port 1/2 on $mux $flatten\u_core.\g_in[2].u_route.$procmux$823.
    dead port 1/2 on $mux $flatten\u_core.\g_in[2].u_route.$procmux$817.
    dead port 1/2 on $mux $flatten\u_core.\g_in[2].u_route.$procmux$814.
    dead port 1/2 on $mux $flatten\u_core.\g_in[2].u_route.$procmux$808.
    dead port 1/2 on $mux $flatten\u_core.\g_in[2].u_route.$procmux$805.
    dead port 1/2 on $mux $flatten\u_core.\g_in[2].u_route.$procmux$802.
    dead port 1/2 on $mux $flatten\u_core.\g_in[3].u_route.$procmux$823.
    dead port 1/2 on $mux $flatten\u_core.\g_in[3].u_route.$procmux$817.
    dead port 1/2 on $mux $flatten\u_core.\g_in[3].u_route.$procmux$814.
    dead port 1/2 on $mux $flatten\u_core.\g_in[3].u_route.$procmux$808.
    dead port 1/2 on $mux $flatten\u_core.\g_in[3].u_route.$procmux$805.
    dead port 1/2 on $mux $flatten\u_core.\g_in[3].u_route.$procmux$802.
    dead port 1/2 on $mux $flatten\u_core.\g_in[4].u_route.$procmux$823.
    dead port 1/2 on $mux $flatten\u_core.\g_in[4].u_route.$procmux$817.
    dead port 1/2 on $mux $flatten\u_core.\g_in[4].u_route.$procmux$814.
    dead port 1/2 on $mux $flatten\u_core.\g_in[4].u_route.$procmux$808.
    dead port 1/2 on $mux $flatten\u_core.\g_in[4].u_route.$procmux$805.
    dead port 1/2 on $mux $flatten\u_core.\g_in[4].u_route.$procmux$802.
Removed 30 multiplexer ports.
<suppressed ~223 debug messages>

13.8.4. Executing OPT_REDUCE pass (consolidate $*mux and $reduce_* inputs).
  Optimizing cells in module \aegis_noc.
    Consolidated identical input bits for $mux cell $flatten\u_core.\g_in[0].u_fifo.$procmux$790:
      Old ports: A=0, B=32'11111111111111111111111111111111, Y=$flatten\u_core.\g_in[0].u_fifo.$0$memwr$\mem$rtl/sync_fifo.sv:50$453_EN[31:0]$463
      New ports: A=1'0, B=1'1, Y=$flatten\u_core.\g_in[0].u_fifo.$0$memwr$\mem$rtl/sync_fifo.sv:50$453_EN[31:0]$463 [0]
      New connections: $flatten\u_core.\g_in[0].u_fifo.$0$memwr$\mem$rtl/sync_fifo.sv:50$453_EN[31:0]$463 [31:1] = { $flatten\u_core.\g_in[0].u_fifo.$0$memwr$\mem$rtl/sync_fifo.sv:50$453_EN[31:0]$463 [0] $flatten\u_core.\g_in[0].u_fifo.$0$memwr$\mem$rtl/sync_fifo.sv:50$453_EN[31:0]$463 [0] $flatten\u_core.\g_in[0].u_fifo.$0$memwr$\mem$rtl/sync_fifo.sv:50$453_EN[31:0]$463 [0] $flatten\u_core.\g_in[0].u_fifo.$0$memwr$\mem$rtl/sync_fifo.sv:50$453_EN[31:0]$463 [0] $flatten\u_core.\g_in[0].u_fifo.$0$memwr$\mem$rtl/sync_fifo.sv:50$453_EN[31:0]$463 [0] $flatten\u_core.\g_in[0].u_fifo.$0$memwr$\mem$rtl/sync_fifo.sv:50$453_EN[31:0]$463 [0] $flatten\u_core.\g_in[0].u_fifo.$0$memwr$\mem$rtl/sync_fifo.sv:50$453_EN[31:0]$463 [0] $flatten\u_core.\g_in[0].u_fifo.$0$memwr$\mem$rtl/sync_fifo.sv:50$453_EN[31:0]$463 [0] $flatten\u_core.\g_in[0].u_fifo.$0$memwr$\mem$rtl/sync_fifo.sv:50$453_EN[31:0]$463 [0] $flatten\u_core.\g_in[0].u_fifo.$0$memwr$\mem$rtl/sync_fifo.sv:50$453_EN[31:0]$463 [0] $flatten\u_core.\g_in[0].u_fifo.$0$memwr$\mem$rtl/sync_fifo.sv:50$453_EN[31:0]$463 [0] $flatten\u_core.\g_in[0].u_fifo.$0$memwr$\mem$rtl/sync_fifo.sv:50$453_EN[31:0]$463 [0] $flatten\u_core.\g_in[0].u_fifo.$0$memwr$\mem$rtl/sync_fifo.sv:50$453_EN[31:0]$463 [0] $flatten\u_core.\g_in[0].u_fifo.$0$memwr$\mem$rtl/sync_fifo.sv:50$453_EN[31:0]$463 [0] $flatten\u_core.\g_in[0].u_fifo.$0$memwr$\mem$rtl/sync_fifo.sv:50$453_EN[31:0]$463 [0] $flatten\u_core.\g_in[0].u_fifo.$0$memwr$\mem$rtl/sync_fifo.sv:50$453_EN[31:0]$463 [0] $flatten\u_core.\g_in[0].u_fifo.$0$memwr$\mem$rtl/sync_fifo.sv:50$453_EN[31:0]$463 [0] $flatten\u_core.\g_in[0].u_fifo.$0$memwr$\mem$rtl/sync_fifo.sv:50$453_EN[31:0]$463 [0] $flatten\u_core.\g_in[0].u_fifo.$0$memwr$\mem$rtl/sync_fifo.sv:50$453_EN[31:0]$463 [0] $flatten\u_core.\g_in[0].u_fifo.$0$memwr$\mem$rtl/sync_fifo.sv:50$453_EN[31:0]$463 [0] $flatten\u_core.\g_in[0].u_fifo.$0$memwr$\mem$rtl/sync_fifo.sv:50$453_EN[31:0]$463 [0] $flatten\u_core.\g_in[0].u_fifo.$0$memwr$\mem$rtl/sync_fifo.sv:50$453_EN[31:0]$463 [0] $flatten\u_core.\g_in[0].u_fifo.$0$memwr$\mem$rtl/sync_fifo.sv:50$453_EN[31:0]$463 [0] $flatten\u_core.\g_in[0].u_fifo.$0$memwr$\mem$rtl/sync_fifo.sv:50$453_EN[31:0]$463 [0] $flatten\u_core.\g_in[0].u_fifo.$0$memwr$\mem$rtl/sync_fifo.sv:50$453_EN[31:0]$463 [0] $flatten\u_core.\g_in[0].u_fifo.$0$memwr$\mem$rtl/sync_fifo.sv:50$453_EN[31:0]$463 [0] $flatten\u_core.\g_in[0].u_fifo.$0$memwr$\mem$rtl/sync_fifo.sv:50$453_EN[31:0]$463 [0] $flatten\u_core.\g_in[0].u_fifo.$0$memwr$\mem$rtl/sync_fifo.sv:50$453_EN[31:0]$463 [0] $flatten\u_core.\g_in[0].u_fifo.$0$memwr$\mem$rtl/sync_fifo.sv:50$453_EN[31:0]$463 [0] $flatten\u_core.\g_in[0].u_fifo.$0$memwr$\mem$rtl/sync_fifo.sv:50$453_EN[31:0]$463 [0] $flatten\u_core.\g_in[0].u_fifo.$0$memwr$\mem$rtl/sync_fifo.sv:50$453_EN[31:0]$463 [0] }
    Consolidated identical input bits for $mux cell $flatten\u_core.\g_in[1].u_fifo.$procmux$790:
      Old ports: A=0, B=32'11111111111111111111111111111111, Y=$flatten\u_core.\g_in[1].u_fifo.$0$memwr$\mem$rtl/sync_fifo.sv:50$453_EN[31:0]$463
      New ports: A=1'0, B=1'1, Y=$flatten\u_core.\g_in[1].u_fifo.$0$memwr$\mem$rtl/sync_fifo.sv:50$453_EN[31:0]$463 [0]
      New connections: $flatten\u_core.\g_in[1].u_fifo.$0$memwr$\mem$rtl/sync_fifo.sv:50$453_EN[31:0]$463 [31:1] = { $flatten\u_core.\g_in[1].u_fifo.$0$memwr$\mem$rtl/sync_fifo.sv:50$453_EN[31:0]$463 [0] $flatten\u_core.\g_in[1].u_fifo.$0$memwr$\mem$rtl/sync_fifo.sv:50$453_EN[31:0]$463 [0] $flatten\u_core.\g_in[1].u_fifo.$0$memwr$\mem$rtl/sync_fifo.sv:50$453_EN[31:0]$463 [0] $flatten\u_core.\g_in[1].u_fifo.$0$memwr$\mem$rtl/sync_fifo.sv:50$453_EN[31:0]$463 [0] $flatten\u_core.\g_in[1].u_fifo.$0$memwr$\mem$rtl/sync_fifo.sv:50$453_EN[31:0]$463 [0] $flatten\u_core.\g_in[1].u_fifo.$0$memwr$\mem$rtl/sync_fifo.sv:50$453_EN[31:0]$463 [0] $flatten\u_core.\g_in[1].u_fifo.$0$memwr$\mem$rtl/sync_fifo.sv:50$453_EN[31:0]$463 [0] $flatten\u_core.\g_in[1].u_fifo.$0$memwr$\mem$rtl/sync_fifo.sv:50$453_EN[31:0]$463 [0] $flatten\u_core.\g_in[1].u_fifo.$0$memwr$\mem$rtl/sync_fifo.sv:50$453_EN[31:0]$463 [0] $flatten\u_core.\g_in[1].u_fifo.$0$memwr$\mem$rtl/sync_fifo.sv:50$453_EN[31:0]$463 [0] $flatten\u_core.\g_in[1].u_fifo.$0$memwr$\mem$rtl/sync_fifo.sv:50$453_EN[31:0]$463 [0] $flatten\u_core.\g_in[1].u_fifo.$0$memwr$\mem$rtl/sync_fifo.sv:50$453_EN[31:0]$463 [0] $flatten\u_core.\g_in[1].u_fifo.$0$memwr$\mem$rtl/sync_fifo.sv:50$453_EN[31:0]$463 [0] $flatten\u_core.\g_in[1].u_fifo.$0$memwr$\mem$rtl/sync_fifo.sv:50$453_EN[31:0]$463 [0] $flatten\u_core.\g_in[1].u_fifo.$0$memwr$\mem$rtl/sync_fifo.sv:50$453_EN[31:0]$463 [0] $flatten\u_core.\g_in[1].u_fifo.$0$memwr$\mem$rtl/sync_fifo.sv:50$453_EN[31:0]$463 [0] $flatten\u_core.\g_in[1].u_fifo.$0$memwr$\mem$rtl/sync_fifo.sv:50$453_EN[31:0]$463 [0] $flatten\u_core.\g_in[1].u_fifo.$0$memwr$\mem$rtl/sync_fifo.sv:50$453_EN[31:0]$463 [0] $flatten\u_core.\g_in[1].u_fifo.$0$memwr$\mem$rtl/sync_fifo.sv:50$453_EN[31:0]$463 [0] $flatten\u_core.\g_in[1].u_fifo.$0$memwr$\mem$rtl/sync_fifo.sv:50$453_EN[31:0]$463 [0] $flatten\u_core.\g_in[1].u_fifo.$0$memwr$\mem$rtl/sync_fifo.sv:50$453_EN[31:0]$463 [0] $flatten\u_core.\g_in[1].u_fifo.$0$memwr$\mem$rtl/sync_fifo.sv:50$453_EN[31:0]$463 [0] $flatten\u_core.\g_in[1].u_fifo.$0$memwr$\mem$rtl/sync_fifo.sv:50$453_EN[31:0]$463 [0] $flatten\u_core.\g_in[1].u_fifo.$0$memwr$\mem$rtl/sync_fifo.sv:50$453_EN[31:0]$463 [0] $flatten\u_core.\g_in[1].u_fifo.$0$memwr$\mem$rtl/sync_fifo.sv:50$453_EN[31:0]$463 [0] $flatten\u_core.\g_in[1].u_fifo.$0$memwr$\mem$rtl/sync_fifo.sv:50$453_EN[31:0]$463 [0] $flatten\u_core.\g_in[1].u_fifo.$0$memwr$\mem$rtl/sync_fifo.sv:50$453_EN[31:0]$463 [0] $flatten\u_core.\g_in[1].u_fifo.$0$memwr$\mem$rtl/sync_fifo.sv:50$453_EN[31:0]$463 [0] $flatten\u_core.\g_in[1].u_fifo.$0$memwr$\mem$rtl/sync_fifo.sv:50$453_EN[31:0]$463 [0] $flatten\u_core.\g_in[1].u_fifo.$0$memwr$\mem$rtl/sync_fifo.sv:50$453_EN[31:0]$463 [0] $flatten\u_core.\g_in[1].u_fifo.$0$memwr$\mem$rtl/sync_fifo.sv:50$453_EN[31:0]$463 [0] }
    Consolidated identical input bits for $mux cell $flatten\u_core.\g_in[2].u_fifo.$procmux$790:
      Old ports: A=0, B=32'11111111111111111111111111111111, Y=$flatten\u_core.\g_in[2].u_fifo.$0$memwr$\mem$rtl/sync_fifo.sv:50$453_EN[31:0]$463
      New ports: A=1'0, B=1'1, Y=$flatten\u_core.\g_in[2].u_fifo.$0$memwr$\mem$rtl/sync_fifo.sv:50$453_EN[31:0]$463 [0]
      New connections: $flatten\u_core.\g_in[2].u_fifo.$0$memwr$\mem$rtl/sync_fifo.sv:50$453_EN[31:0]$463 [31:1] = { $flatten\u_core.\g_in[2].u_fifo.$0$memwr$\mem$rtl/sync_fifo.sv:50$453_EN[31:0]$463 [0] $flatten\u_core.\g_in[2].u_fifo.$0$memwr$\mem$rtl/sync_fifo.sv:50$453_EN[31:0]$463 [0] $flatten\u_core.\g_in[2].u_fifo.$0$memwr$\mem$rtl/sync_fifo.sv:50$453_EN[31:0]$463 [0] $flatten\u_core.\g_in[2].u_fifo.$0$memwr$\mem$rtl/sync_fifo.sv:50$453_EN[31:0]$463 [0] $flatten\u_core.\g_in[2].u_fifo.$0$memwr$\mem$rtl/sync_fifo.sv:50$453_EN[31:0]$463 [0] $flatten\u_core.\g_in[2].u_fifo.$0$memwr$\mem$rtl/sync_fifo.sv:50$453_EN[31:0]$463 [0] $flatten\u_core.\g_in[2].u_fifo.$0$memwr$\mem$rtl/sync_fifo.sv:50$453_EN[31:0]$463 [0] $flatten\u_core.\g_in[2].u_fifo.$0$memwr$\mem$rtl/sync_fifo.sv:50$453_EN[31:0]$463 [0] $flatten\u_core.\g_in[2].u_fifo.$0$memwr$\mem$rtl/sync_fifo.sv:50$453_EN[31:0]$463 [0] $flatten\u_core.\g_in[2].u_fifo.$0$memwr$\mem$rtl/sync_fifo.sv:50$453_EN[31:0]$463 [0] $flatten\u_core.\g_in[2].u_fifo.$0$memwr$\mem$rtl/sync_fifo.sv:50$453_EN[31:0]$463 [0] $flatten\u_core.\g_in[2].u_fifo.$0$memwr$\mem$rtl/sync_fifo.sv:50$453_EN[31:0]$463 [0] $flatten\u_core.\g_in[2].u_fifo.$0$memwr$\mem$rtl/sync_fifo.sv:50$453_EN[31:0]$463 [0] $flatten\u_core.\g_in[2].u_fifo.$0$memwr$\mem$rtl/sync_fifo.sv:50$453_EN[31:0]$463 [0] $flatten\u_core.\g_in[2].u_fifo.$0$memwr$\mem$rtl/sync_fifo.sv:50$453_EN[31:0]$463 [0] $flatten\u_core.\g_in[2].u_fifo.$0$memwr$\mem$rtl/sync_fifo.sv:50$453_EN[31:0]$463 [0] $flatten\u_core.\g_in[2].u_fifo.$0$memwr$\mem$rtl/sync_fifo.sv:50$453_EN[31:0]$463 [0] $flatten\u_core.\g_in[2].u_fifo.$0$memwr$\mem$rtl/sync_fifo.sv:50$453_EN[31:0]$463 [0] $flatten\u_core.\g_in[2].u_fifo.$0$memwr$\mem$rtl/sync_fifo.sv:50$453_EN[31:0]$463 [0] $flatten\u_core.\g_in[2].u_fifo.$0$memwr$\mem$rtl/sync_fifo.sv:50$453_EN[31:0]$463 [0] $flatten\u_core.\g_in[2].u_fifo.$0$memwr$\mem$rtl/sync_fifo.sv:50$453_EN[31:0]$463 [0] $flatten\u_core.\g_in[2].u_fifo.$0$memwr$\mem$rtl/sync_fifo.sv:50$453_EN[31:0]$463 [0] $flatten\u_core.\g_in[2].u_fifo.$0$memwr$\mem$rtl/sync_fifo.sv:50$453_EN[31:0]$463 [0] $flatten\u_core.\g_in[2].u_fifo.$0$memwr$\mem$rtl/sync_fifo.sv:50$453_EN[31:0]$463 [0] $flatten\u_core.\g_in[2].u_fifo.$0$memwr$\mem$rtl/sync_fifo.sv:50$453_EN[31:0]$463 [0] $flatten\u_core.\g_in[2].u_fifo.$0$memwr$\mem$rtl/sync_fifo.sv:50$453_EN[31:0]$463 [0] $flatten\u_core.\g_in[2].u_fifo.$0$memwr$\mem$rtl/sync_fifo.sv:50$453_EN[31:0]$463 [0] $flatten\u_core.\g_in[2].u_fifo.$0$memwr$\mem$rtl/sync_fifo.sv:50$453_EN[31:0]$463 [0] $flatten\u_core.\g_in[2].u_fifo.$0$memwr$\mem$rtl/sync_fifo.sv:50$453_EN[31:0]$463 [0] $flatten\u_core.\g_in[2].u_fifo.$0$memwr$\mem$rtl/sync_fifo.sv:50$453_EN[31:0]$463 [0] $flatten\u_core.\g_in[2].u_fifo.$0$memwr$\mem$rtl/sync_fifo.sv:50$453_EN[31:0]$463 [0] }
    Consolidated identical input bits for $mux cell $flatten\u_core.\g_in[3].u_fifo.$procmux$790:
      Old ports: A=0, B=32'11111111111111111111111111111111, Y=$flatten\u_core.\g_in[3].u_fifo.$0$memwr$\mem$rtl/sync_fifo.sv:50$453_EN[31:0]$463
      New ports: A=1'0, B=1'1, Y=$flatten\u_core.\g_in[3].u_fifo.$0$memwr$\mem$rtl/sync_fifo.sv:50$453_EN[31:0]$463 [0]
      New connections: $flatten\u_core.\g_in[3].u_fifo.$0$memwr$\mem$rtl/sync_fifo.sv:50$453_EN[31:0]$463 [31:1] = { $flatten\u_core.\g_in[3].u_fifo.$0$memwr$\mem$rtl/sync_fifo.sv:50$453_EN[31:0]$463 [0] $flatten\u_core.\g_in[3].u_fifo.$0$memwr$\mem$rtl/sync_fifo.sv:50$453_EN[31:0]$463 [0] $flatten\u_core.\g_in[3].u_fifo.$0$memwr$\mem$rtl/sync_fifo.sv:50$453_EN[31:0]$463 [0] $flatten\u_core.\g_in[3].u_fifo.$0$memwr$\mem$rtl/sync_fifo.sv:50$453_EN[31:0]$463 [0] $flatten\u_core.\g_in[3].u_fifo.$0$memwr$\mem$rtl/sync_fifo.sv:50$453_EN[31:0]$463 [0] $flatten\u_core.\g_in[3].u_fifo.$0$memwr$\mem$rtl/sync_fifo.sv:50$453_EN[31:0]$463 [0] $flatten\u_core.\g_in[3].u_fifo.$0$memwr$\mem$rtl/sync_fifo.sv:50$453_EN[31:0]$463 [0] $flatten\u_core.\g_in[3].u_fifo.$0$memwr$\mem$rtl/sync_fifo.sv:50$453_EN[31:0]$463 [0] $flatten\u_core.\g_in[3].u_fifo.$0$memwr$\mem$rtl/sync_fifo.sv:50$453_EN[31:0]$463 [0] $flatten\u_core.\g_in[3].u_fifo.$0$memwr$\mem$rtl/sync_fifo.sv:50$453_EN[31:0]$463 [0] $flatten\u_core.\g_in[3].u_fifo.$0$memwr$\mem$rtl/sync_fifo.sv:50$453_EN[31:0]$463 [0] $flatten\u_core.\g_in[3].u_fifo.$0$memwr$\mem$rtl/sync_fifo.sv:50$453_EN[31:0]$463 [0] $flatten\u_core.\g_in[3].u_fifo.$0$memwr$\mem$rtl/sync_fifo.sv:50$453_EN[31:0]$463 [0] $flatten\u_core.\g_in[3].u_fifo.$0$memwr$\mem$rtl/sync_fifo.sv:50$453_EN[31:0]$463 [0] $flatten\u_core.\g_in[3].u_fifo.$0$memwr$\mem$rtl/sync_fifo.sv:50$453_EN[31:0]$463 [0] $flatten\u_core.\g_in[3].u_fifo.$0$memwr$\mem$rtl/sync_fifo.sv:50$453_EN[31:0]$463 [0] $flatten\u_core.\g_in[3].u_fifo.$0$memwr$\mem$rtl/sync_fifo.sv:50$453_EN[31:0]$463 [0] $flatten\u_core.\g_in[3].u_fifo.$0$memwr$\mem$rtl/sync_fifo.sv:50$453_EN[31:0]$463 [0] $flatten\u_core.\g_in[3].u_fifo.$0$memwr$\mem$rtl/sync_fifo.sv:50$453_EN[31:0]$463 [0] $flatten\u_core.\g_in[3].u_fifo.$0$memwr$\mem$rtl/sync_fifo.sv:50$453_EN[31:0]$463 [0] $flatten\u_core.\g_in[3].u_fifo.$0$memwr$\mem$rtl/sync_fifo.sv:50$453_EN[31:0]$463 [0] $flatten\u_core.\g_in[3].u_fifo.$0$memwr$\mem$rtl/sync_fifo.sv:50$453_EN[31:0]$463 [0] $flatten\u_core.\g_in[3].u_fifo.$0$memwr$\mem$rtl/sync_fifo.sv:50$453_EN[31:0]$463 [0] $flatten\u_core.\g_in[3].u_fifo.$0$memwr$\mem$rtl/sync_fifo.sv:50$453_EN[31:0]$463 [0] $flatten\u_core.\g_in[3].u_fifo.$0$memwr$\mem$rtl/sync_fifo.sv:50$453_EN[31:0]$463 [0] $flatten\u_core.\g_in[3].u_fifo.$0$memwr$\mem$rtl/sync_fifo.sv:50$453_EN[31:0]$463 [0] $flatten\u_core.\g_in[3].u_fifo.$0$memwr$\mem$rtl/sync_fifo.sv:50$453_EN[31:0]$463 [0] $flatten\u_core.\g_in[3].u_fifo.$0$memwr$\mem$rtl/sync_fifo.sv:50$453_EN[31:0]$463 [0] $flatten\u_core.\g_in[3].u_fifo.$0$memwr$\mem$rtl/sync_fifo.sv:50$453_EN[31:0]$463 [0] $flatten\u_core.\g_in[3].u_fifo.$0$memwr$\mem$rtl/sync_fifo.sv:50$453_EN[31:0]$463 [0] $flatten\u_core.\g_in[3].u_fifo.$0$memwr$\mem$rtl/sync_fifo.sv:50$453_EN[31:0]$463 [0] }
    Consolidated identical input bits for $mux cell $flatten\u_core.\g_in[4].u_fifo.$procmux$790:
      Old ports: A=0, B=32'11111111111111111111111111111111, Y=$flatten\u_core.\g_in[4].u_fifo.$0$memwr$\mem$rtl/sync_fifo.sv:50$453_EN[31:0]$463
      New ports: A=1'0, B=1'1, Y=$flatten\u_core.\g_in[4].u_fifo.$0$memwr$\mem$rtl/sync_fifo.sv:50$453_EN[31:0]$463 [0]
      New connections: $flatten\u_core.\g_in[4].u_fifo.$0$memwr$\mem$rtl/sync_fifo.sv:50$453_EN[31:0]$463 [31:1] = { $flatten\u_core.\g_in[4].u_fifo.$0$memwr$\mem$rtl/sync_fifo.sv:50$453_EN[31:0]$463 [0] $flatten\u_core.\g_in[4].u_fifo.$0$memwr$\mem$rtl/sync_fifo.sv:50$453_EN[31:0]$463 [0] $flatten\u_core.\g_in[4].u_fifo.$0$memwr$\mem$rtl/sync_fifo.sv:50$453_EN[31:0]$463 [0] $flatten\u_core.\g_in[4].u_fifo.$0$memwr$\mem$rtl/sync_fifo.sv:50$453_EN[31:0]$463 [0] $flatten\u_core.\g_in[4].u_fifo.$0$memwr$\mem$rtl/sync_fifo.sv:50$453_EN[31:0]$463 [0] $flatten\u_core.\g_in[4].u_fifo.$0$memwr$\mem$rtl/sync_fifo.sv:50$453_EN[31:0]$463 [0] $flatten\u_core.\g_in[4].u_fifo.$0$memwr$\mem$rtl/sync_fifo.sv:50$453_EN[31:0]$463 [0] $flatten\u_core.\g_in[4].u_fifo.$0$memwr$\mem$rtl/sync_fifo.sv:50$453_EN[31:0]$463 [0] $flatten\u_core.\g_in[4].u_fifo.$0$memwr$\mem$rtl/sync_fifo.sv:50$453_EN[31:0]$463 [0] $flatten\u_core.\g_in[4].u_fifo.$0$memwr$\mem$rtl/sync_fifo.sv:50$453_EN[31:0]$463 [0] $flatten\u_core.\g_in[4].u_fifo.$0$memwr$\mem$rtl/sync_fifo.sv:50$453_EN[31:0]$463 [0] $flatten\u_core.\g_in[4].u_fifo.$0$memwr$\mem$rtl/sync_fifo.sv:50$453_EN[31:0]$463 [0] $flatten\u_core.\g_in[4].u_fifo.$0$memwr$\mem$rtl/sync_fifo.sv:50$453_EN[31:0]$463 [0] $flatten\u_core.\g_in[4].u_fifo.$0$memwr$\mem$rtl/sync_fifo.sv:50$453_EN[31:0]$463 [0] $flatten\u_core.\g_in[4].u_fifo.$0$memwr$\mem$rtl/sync_fifo.sv:50$453_EN[31:0]$463 [0] $flatten\u_core.\g_in[4].u_fifo.$0$memwr$\mem$rtl/sync_fifo.sv:50$453_EN[31:0]$463 [0] $flatten\u_core.\g_in[4].u_fifo.$0$memwr$\mem$rtl/sync_fifo.sv:50$453_EN[31:0]$463 [0] $flatten\u_core.\g_in[4].u_fifo.$0$memwr$\mem$rtl/sync_fifo.sv:50$453_EN[31:0]$463 [0] $flatten\u_core.\g_in[4].u_fifo.$0$memwr$\mem$rtl/sync_fifo.sv:50$453_EN[31:0]$463 [0] $flatten\u_core.\g_in[4].u_fifo.$0$memwr$\mem$rtl/sync_fifo.sv:50$453_EN[31:0]$463 [0] $flatten\u_core.\g_in[4].u_fifo.$0$memwr$\mem$rtl/sync_fifo.sv:50$453_EN[31:0]$463 [0] $flatten\u_core.\g_in[4].u_fifo.$0$memwr$\mem$rtl/sync_fifo.sv:50$453_EN[31:0]$463 [0] $flatten\u_core.\g_in[4].u_fifo.$0$memwr$\mem$rtl/sync_fifo.sv:50$453_EN[31:0]$463 [0] $flatten\u_core.\g_in[4].u_fifo.$0$memwr$\mem$rtl/sync_fifo.sv:50$453_EN[31:0]$463 [0] $flatten\u_core.\g_in[4].u_fifo.$0$memwr$\mem$rtl/sync_fifo.sv:50$453_EN[31:0]$463 [0] $flatten\u_core.\g_in[4].u_fifo.$0$memwr$\mem$rtl/sync_fifo.sv:50$453_EN[31:0]$463 [0] $flatten\u_core.\g_in[4].u_fifo.$0$memwr$\mem$rtl/sync_fifo.sv:50$453_EN[31:0]$463 [0] $flatten\u_core.\g_in[4].u_fifo.$0$memwr$\mem$rtl/sync_fifo.sv:50$453_EN[31:0]$463 [0] $flatten\u_core.\g_in[4].u_fifo.$0$memwr$\mem$rtl/sync_fifo.sv:50$453_EN[31:0]$463 [0] $flatten\u_core.\g_in[4].u_fifo.$0$memwr$\mem$rtl/sync_fifo.sv:50$453_EN[31:0]$463 [0] $flatten\u_core.\g_in[4].u_fifo.$0$memwr$\mem$rtl/sync_fifo.sv:50$453_EN[31:0]$463 [0] }
  Optimizing cells in module \aegis_noc.
Performed a total of 5 changes.

13.8.5. Executing OPT_MERGE pass (detect identical cells).
Finding identical cells in module `\aegis_noc'.
Computing hashes of 992 cells of `\aegis_noc'.
Finding duplicate cells in `\aegis_noc'.
Removed a total of 0 cells.

13.8.6. Executing OPT_DFF pass (perform DFF optimizations).

13.8.7. Executing OPT_CLEAN pass (remove unused cells and wires).
Finding unused cells or wires in module \aegis_noc..
Removed 0 unused cells and 70 unused wires.
<suppressed ~1 debug messages>

13.8.8. Executing OPT_EXPR pass (perform const folding).
Optimizing module aegis_noc.

13.8.9. Rerunning OPT passes. (Maybe there is more to do..)

13.8.10. Executing OPT_MUXTREE pass (detect dead branches in mux trees).
Running muxtree optimizer on module \aegis_noc..
  Creating internal representation of mux trees.
  Evaluating internal representation of mux trees.
  Analyzing evaluation results.
Removed 0 multiplexer ports.
<suppressed ~193 debug messages>

13.8.11. Executing OPT_REDUCE pass (consolidate $*mux and $reduce_* inputs).
  Optimizing cells in module \aegis_noc.
Performed a total of 0 changes.

13.8.12. Executing OPT_MERGE pass (detect identical cells).
Finding identical cells in module `\aegis_noc'.
Computing hashes of 992 cells of `\aegis_noc'.
Finding duplicate cells in `\aegis_noc'.
Removed a total of 0 cells.

13.8.13. Executing OPT_DFF pass (perform DFF optimizations).

13.8.14. Executing OPT_CLEAN pass (remove unused cells and wires).
Finding unused cells or wires in module \aegis_noc..

13.8.15. Executing OPT_EXPR pass (perform const folding).
Optimizing module aegis_noc.

13.8.16. Finished fast OPT passes. (There is nothing left to do.)

13.9. Executing FSM pass (extract and optimize FSM).

13.9.1. Executing FSM_DETECT pass (finding FSMs in design).
Found FSM state register aegis_noc.u_core.g_arb[0].u_arb.ptr.
Found FSM state register aegis_noc.u_core.g_arb[1].u_arb.ptr.
Found FSM state register aegis_noc.u_core.g_arb[2].u_arb.ptr.
Found FSM state register aegis_noc.u_core.g_arb[3].u_arb.ptr.
Found FSM state register aegis_noc.u_core.g_arb[4].u_arb.ptr.

13.9.2. Executing FSM_EXTRACT pass (extracting FSM from design).
Extracting FSM `\u_core.g_arb[0].u_arb.ptr' from module `\aegis_noc'.
  found $dff cell for state register: $flatten\u_core.\g_arb[0].u_arb.$procdff$861
  root of input selection tree: $flatten\u_core.\g_arb[0].u_arb.$0\ptr[2:0]
  found reset state: 3'000 (guessed from mux tree)
  found ctrl input: \rst
  found ctrl input: $flatten\u_core.\g_arb[0].u_arb.$logic_and$rtl/rr_arbiter.sv:57$452_Y
  found ctrl input: \u_core.g_arb[0].u_arb.grant [4]
  found ctrl input: \u_core.g_arb[0].u_arb.grant [3]
  found ctrl input: \u_core.g_arb[0].u_arb.grant [2]
  found ctrl input: \u_core.g_arb[0].u_arb.grant [1]
  found ctrl input: \u_core.g_arb[0].u_arb.grant [0]
  found state code: 3'001
  found state code: 3'010
  found state code: 3'011
  found state code: 3'100
  found state code: 3'000
  found ctrl output: \u_core.g_arb[0].u_arb.mask [1]
  found ctrl output: \u_core.g_arb[0].u_arb.mask [2]
  found ctrl output: \u_core.g_arb[0].u_arb.mask [3]
  found ctrl output: \u_core.g_arb[0].u_arb.mask [4]
  found ctrl output: \u_core.g_arb[0].u_arb.mask [0]
  ctrl inputs: { $flatten\u_core.\g_arb[0].u_arb.$logic_and$rtl/rr_arbiter.sv:57$452_Y \u_core.g_arb[0].u_arb.grant \rst }
  ctrl outputs: { $flatten\u_core.\g_arb[0].u_arb.$0\ptr[2:0] \u_core.g_arb[0].u_arb.mask }
  transition:      3'000 7'0-----0 ->      3'000 8'00011111
  transition:      3'000 7'1000000 ->      3'000 8'00011111
  transition:      3'000 7'1000010 ->      3'001 8'00111111
  transition:      3'000 7'10001-0 ->      3'010 8'01011111
  transition:      3'000 7'1001--0 ->      3'011 8'01111111
  transition:      3'000 7'101---0 ->      3'100 8'10011111
  transition:      3'000 7'11----0 ->      3'000 8'00011111
  transition:      3'000 7'------1 ->      3'000 8'00011111
  transition:      3'100 7'0-----0 ->      3'100 8'10010000
  transition:      3'100 7'1000000 ->      3'100 8'10010000
  transition:      3'100 7'1000010 ->      3'001 8'00110000
  transition:      3'100 7'10001-0 ->      3'010 8'01010000
  transition:      3'100 7'1001--0 ->      3'011 8'01110000
  transition:      3'100 7'101---0 ->      3'100 8'10010000
  transition:      3'100 7'11----0 ->      3'000 8'00010000
  transition:      3'100 7'------1 ->      3'000 8'00010000
  transition:      3'010 7'0-----0 ->      3'010 8'01011100
  transition:      3'010 7'1000000 ->      3'010 8'01011100
  transition:      3'010 7'1000010 ->      3'001 8'00111100
  transition:      3'010 7'10001-0 ->      3'010 8'01011100
  transition:      3'010 7'1001--0 ->      3'011 8'01111100
  transition:      3'010 7'101---0 ->      3'100 8'10011100
  transition:      3'010 7'11----0 ->      3'000 8'00011100
  transition:      3'010 7'------1 ->      3'000 8'00011100
  transition:      3'001 7'0-----0 ->      3'001 8'00111110
  transition:      3'001 7'1000000 ->      3'001 8'00111110
  transition:      3'001 7'1000010 ->      3'001 8'00111110
  transition:      3'001 7'10001-0 ->      3'010 8'01011110
  transition:      3'001 7'1001--0 ->      3'011 8'01111110
  transition:      3'001 7'101---0 ->      3'100 8'10011110
  transition:      3'001 7'11----0 ->      3'000 8'00011110
  transition:      3'001 7'------1 ->      3'000 8'00011110
  transition:      3'011 7'0-----0 ->      3'011 8'01111000
  transition:      3'011 7'1000000 ->      3'011 8'01111000
  transition:      3'011 7'1000010 ->      3'001 8'00111000
  transition:      3'011 7'10001-0 ->      3'010 8'01011000
  transition:      3'011 7'1001--0 ->      3'011 8'01111000
  transition:      3'011 7'101---0 ->      3'100 8'10011000
  transition:      3'011 7'11----0 ->      3'000 8'00011000
  transition:      3'011 7'------1 ->      3'000 8'00011000
Extracting FSM `\u_core.g_arb[1].u_arb.ptr' from module `\aegis_noc'.
  found $dff cell for state register: $flatten\u_core.\g_arb[1].u_arb.$procdff$861
  root of input selection tree: $flatten\u_core.\g_arb[1].u_arb.$0\ptr[2:0]
  found reset state: 3'000 (guessed from mux tree)
  found ctrl input: \rst
  found ctrl input: $flatten\u_core.\g_arb[1].u_arb.$logic_and$rtl/rr_arbiter.sv:57$452_Y
  found ctrl input: \u_core.g_arb[1].u_arb.grant [4]
  found ctrl input: \u_core.g_arb[1].u_arb.grant [3]
  found ctrl input: \u_core.g_arb[1].u_arb.grant [2]
  found ctrl input: \u_core.g_arb[1].u_arb.grant [1]
  found ctrl input: \u_core.g_arb[1].u_arb.grant [0]
  found state code: 3'001
  found state code: 3'010
  found state code: 3'011
  found state code: 3'100
  found state code: 3'000
  found ctrl output: \u_core.g_arb[1].u_arb.mask [1]
  found ctrl output: \u_core.g_arb[1].u_arb.mask [2]
  found ctrl output: \u_core.g_arb[1].u_arb.mask [3]
  found ctrl output: \u_core.g_arb[1].u_arb.mask [4]
  found ctrl output: \u_core.g_arb[1].u_arb.mask [0]
  ctrl inputs: { $flatten\u_core.\g_arb[1].u_arb.$logic_and$rtl/rr_arbiter.sv:57$452_Y \u_core.g_arb[1].u_arb.grant \rst }
  ctrl outputs: { $flatten\u_core.\g_arb[1].u_arb.$0\ptr[2:0] \u_core.g_arb[1].u_arb.mask }
  transition:      3'000 7'0-----0 ->      3'000 8'00011111
  transition:      3'000 7'1000000 ->      3'000 8'00011111
  transition:      3'000 7'1000010 ->      3'001 8'00111111
  transition:      3'000 7'10001-0 ->      3'010 8'01011111
  transition:      3'000 7'1001--0 ->      3'011 8'01111111
  transition:      3'000 7'101---0 ->      3'100 8'10011111
  transition:      3'000 7'11----0 ->      3'000 8'00011111
  transition:      3'000 7'------1 ->      3'000 8'00011111
  transition:      3'100 7'0-----0 ->      3'100 8'10010000
  transition:      3'100 7'1000000 ->      3'100 8'10010000
  transition:      3'100 7'1000010 ->      3'001 8'00110000
  transition:      3'100 7'10001-0 ->      3'010 8'01010000
  transition:      3'100 7'1001--0 ->      3'011 8'01110000
  transition:      3'100 7'101---0 ->      3'100 8'10010000
  transition:      3'100 7'11----0 ->      3'000 8'00010000
  transition:      3'100 7'------1 ->      3'000 8'00010000
  transition:      3'010 7'0-----0 ->      3'010 8'01011100
  transition:      3'010 7'1000000 ->      3'010 8'01011100
  transition:      3'010 7'1000010 ->      3'001 8'00111100
  transition:      3'010 7'10001-0 ->      3'010 8'01011100
  transition:      3'010 7'1001--0 ->      3'011 8'01111100
  transition:      3'010 7'101---0 ->      3'100 8'10011100
  transition:      3'010 7'11----0 ->      3'000 8'00011100
  transition:      3'010 7'------1 ->      3'000 8'00011100
  transition:      3'001 7'0-----0 ->      3'001 8'00111110
  transition:      3'001 7'1000000 ->      3'001 8'00111110
  transition:      3'001 7'1000010 ->      3'001 8'00111110
  transition:      3'001 7'10001-0 ->      3'010 8'01011110
  transition:      3'001 7'1001--0 ->      3'011 8'01111110
  transition:      3'001 7'101---0 ->      3'100 8'10011110
  transition:      3'001 7'11----0 ->      3'000 8'00011110
  transition:      3'001 7'------1 ->      3'000 8'00011110
  transition:      3'011 7'0-----0 ->      3'011 8'01111000
  transition:      3'011 7'1000000 ->      3'011 8'01111000
  transition:      3'011 7'1000010 ->      3'001 8'00111000
  transition:      3'011 7'10001-0 ->      3'010 8'01011000
  transition:      3'011 7'1001--0 ->      3'011 8'01111000
  transition:      3'011 7'101---0 ->      3'100 8'10011000
  transition:      3'011 7'11----0 ->      3'000 8'00011000
  transition:      3'011 7'------1 ->      3'000 8'00011000
Extracting FSM `\u_core.g_arb[2].u_arb.ptr' from module `\aegis_noc'.
  found $dff cell for state register: $flatten\u_core.\g_arb[2].u_arb.$procdff$861
  root of input selection tree: $flatten\u_core.\g_arb[2].u_arb.$0\ptr[2:0]
  found reset state: 3'000 (guessed from mux tree)
  found ctrl input: \rst
  found ctrl input: $flatten\u_core.\g_arb[2].u_arb.$logic_and$rtl/rr_arbiter.sv:57$452_Y
  found ctrl input: \u_core.g_arb[2].u_arb.grant [4]
  found ctrl input: \u_core.g_arb[2].u_arb.grant [3]
  found ctrl input: \u_core.g_arb[2].u_arb.grant [2]
  found ctrl input: \u_core.g_arb[2].u_arb.grant [1]
  found ctrl input: \u_core.g_arb[2].u_arb.grant [0]
  found state code: 3'001
  found state code: 3'010
  found state code: 3'011
  found state code: 3'100
  found state code: 3'000
  found ctrl output: \u_core.g_arb[2].u_arb.mask [1]
  found ctrl output: \u_core.g_arb[2].u_arb.mask [2]
  found ctrl output: \u_core.g_arb[2].u_arb.mask [3]
  found ctrl output: \u_core.g_arb[2].u_arb.mask [4]
  found ctrl output: \u_core.g_arb[2].u_arb.mask [0]
  ctrl inputs: { $flatten\u_core.\g_arb[2].u_arb.$logic_and$rtl/rr_arbiter.sv:57$452_Y \u_core.g_arb[2].u_arb.grant \rst }
  ctrl outputs: { $flatten\u_core.\g_arb[2].u_arb.$0\ptr[2:0] \u_core.g_arb[2].u_arb.mask }
  transition:      3'000 7'0-----0 ->      3'000 8'00011111
  transition:      3'000 7'1000000 ->      3'000 8'00011111
  transition:      3'000 7'1000010 ->      3'001 8'00111111
  transition:      3'000 7'10001-0 ->      3'010 8'01011111
  transition:      3'000 7'1001--0 ->      3'011 8'01111111
  transition:      3'000 7'101---0 ->      3'100 8'10011111
  transition:      3'000 7'11----0 ->      3'000 8'00011111
  transition:      3'000 7'------1 ->      3'000 8'00011111
  transition:      3'100 7'0-----0 ->      3'100 8'10010000
  transition:      3'100 7'1000000 ->      3'100 8'10010000
  transition:      3'100 7'1000010 ->      3'001 8'00110000
  transition:      3'100 7'10001-0 ->      3'010 8'01010000
  transition:      3'100 7'1001--0 ->      3'011 8'01110000
  transition:      3'100 7'101---0 ->      3'100 8'10010000
  transition:      3'100 7'11----0 ->      3'000 8'00010000
  transition:      3'100 7'------1 ->      3'000 8'00010000
  transition:      3'010 7'0-----0 ->      3'010 8'01011100
  transition:      3'010 7'1000000 ->      3'010 8'01011100
  transition:      3'010 7'1000010 ->      3'001 8'00111100
  transition:      3'010 7'10001-0 ->      3'010 8'01011100
  transition:      3'010 7'1001--0 ->      3'011 8'01111100
  transition:      3'010 7'101---0 ->      3'100 8'10011100
  transition:      3'010 7'11----0 ->      3'000 8'00011100
  transition:      3'010 7'------1 ->      3'000 8'00011100
  transition:      3'001 7'0-----0 ->      3'001 8'00111110
  transition:      3'001 7'1000000 ->      3'001 8'00111110
  transition:      3'001 7'1000010 ->      3'001 8'00111110
  transition:      3'001 7'10001-0 ->      3'010 8'01011110
  transition:      3'001 7'1001--0 ->      3'011 8'01111110
  transition:      3'001 7'101---0 ->      3'100 8'10011110
  transition:      3'001 7'11----0 ->      3'000 8'00011110
  transition:      3'001 7'------1 ->      3'000 8'00011110
  transition:      3'011 7'0-----0 ->      3'011 8'01111000
  transition:      3'011 7'1000000 ->      3'011 8'01111000
  transition:      3'011 7'1000010 ->      3'001 8'00111000
  transition:      3'011 7'10001-0 ->      3'010 8'01011000
  transition:      3'011 7'1001--0 ->      3'011 8'01111000
  transition:      3'011 7'101---0 ->      3'100 8'10011000
  transition:      3'011 7'11----0 ->      3'000 8'00011000
  transition:      3'011 7'------1 ->      3'000 8'00011000
Extracting FSM `\u_core.g_arb[3].u_arb.ptr' from module `\aegis_noc'.
  found $dff cell for state register: $flatten\u_core.\g_arb[3].u_arb.$procdff$861
  root of input selection tree: $flatten\u_core.\g_arb[3].u_arb.$0\ptr[2:0]
  found reset state: 3'000 (guessed from mux tree)
  found ctrl input: \rst
  found ctrl input: $flatten\u_core.\g_arb[3].u_arb.$logic_and$rtl/rr_arbiter.sv:57$452_Y
  found ctrl input: \u_core.g_arb[3].u_arb.grant [4]
  found ctrl input: \u_core.g_arb[3].u_arb.grant [3]
  found ctrl input: \u_core.g_arb[3].u_arb.grant [2]
  found ctrl input: \u_core.g_arb[3].u_arb.grant [1]
  found ctrl input: \u_core.g_arb[3].u_arb.grant [0]
  found state code: 3'001
  found state code: 3'010
  found state code: 3'011
  found state code: 3'100
  found state code: 3'000
  found ctrl output: \u_core.g_arb[3].u_arb.mask [1]
  found ctrl output: \u_core.g_arb[3].u_arb.mask [2]
  found ctrl output: \u_core.g_arb[3].u_arb.mask [3]
  found ctrl output: \u_core.g_arb[3].u_arb.mask [4]
  found ctrl output: \u_core.g_arb[3].u_arb.mask [0]
  ctrl inputs: { $flatten\u_core.\g_arb[3].u_arb.$logic_and$rtl/rr_arbiter.sv:57$452_Y \u_core.g_arb[3].u_arb.grant \rst }
  ctrl outputs: { $flatten\u_core.\g_arb[3].u_arb.$0\ptr[2:0] \u_core.g_arb[3].u_arb.mask }
  transition:      3'000 7'0-----0 ->      3'000 8'00011111
  transition:      3'000 7'1000000 ->      3'000 8'00011111
  transition:      3'000 7'1000010 ->      3'001 8'00111111
  transition:      3'000 7'10001-0 ->      3'010 8'01011111
  transition:      3'000 7'1001--0 ->      3'011 8'01111111
  transition:      3'000 7'101---0 ->      3'100 8'10011111
  transition:      3'000 7'11----0 ->      3'000 8'00011111
  transition:      3'000 7'------1 ->      3'000 8'00011111
  transition:      3'100 7'0-----0 ->      3'100 8'10010000
  transition:      3'100 7'1000000 ->      3'100 8'10010000
  transition:      3'100 7'1000010 ->      3'001 8'00110000
  transition:      3'100 7'10001-0 ->      3'010 8'01010000
  transition:      3'100 7'1001--0 ->      3'011 8'01110000
  transition:      3'100 7'101---0 ->      3'100 8'10010000
  transition:      3'100 7'11----0 ->      3'000 8'00010000
  transition:      3'100 7'------1 ->      3'000 8'00010000
  transition:      3'010 7'0-----0 ->      3'010 8'01011100
  transition:      3'010 7'1000000 ->      3'010 8'01011100
  transition:      3'010 7'1000010 ->      3'001 8'00111100
  transition:      3'010 7'10001-0 ->      3'010 8'01011100
  transition:      3'010 7'1001--0 ->      3'011 8'01111100
  transition:      3'010 7'101---0 ->      3'100 8'10011100
  transition:      3'010 7'11----0 ->      3'000 8'00011100
  transition:      3'010 7'------1 ->      3'000 8'00011100
  transition:      3'001 7'0-----0 ->      3'001 8'00111110
  transition:      3'001 7'1000000 ->      3'001 8'00111110
  transition:      3'001 7'1000010 ->      3'001 8'00111110
  transition:      3'001 7'10001-0 ->      3'010 8'01011110
  transition:      3'001 7'1001--0 ->      3'011 8'01111110
  transition:      3'001 7'101---0 ->      3'100 8'10011110
  transition:      3'001 7'11----0 ->      3'000 8'00011110
  transition:      3'001 7'------1 ->      3'000 8'00011110
  transition:      3'011 7'0-----0 ->      3'011 8'01111000
  transition:      3'011 7'1000000 ->      3'011 8'01111000
  transition:      3'011 7'1000010 ->      3'001 8'00111000
  transition:      3'011 7'10001-0 ->      3'010 8'01011000
  transition:      3'011 7'1001--0 ->      3'011 8'01111000
  transition:      3'011 7'101---0 ->      3'100 8'10011000
  transition:      3'011 7'11----0 ->      3'000 8'00011000
  transition:      3'011 7'------1 ->      3'000 8'00011000
Extracting FSM `\u_core.g_arb[4].u_arb.ptr' from module `\aegis_noc'.
  found $dff cell for state register: $flatten\u_core.\g_arb[4].u_arb.$procdff$861
  root of input selection tree: $flatten\u_core.\g_arb[4].u_arb.$0\ptr[2:0]
  found reset state: 3'000 (guessed from mux tree)
  found ctrl input: \rst
  found ctrl input: $flatten\u_core.\g_arb[4].u_arb.$logic_and$rtl/rr_arbiter.sv:57$452_Y
  found ctrl input: \u_core.g_arb[4].u_arb.grant [4]
  found ctrl input: \u_core.g_arb[4].u_arb.grant [3]
  found ctrl input: \u_core.g_arb[4].u_arb.grant [2]
  found ctrl input: \u_core.g_arb[4].u_arb.grant [1]
  found ctrl input: \u_core.g_arb[4].u_arb.grant [0]
  found state code: 3'001
  found state code: 3'010
  found state code: 3'011
  found state code: 3'100
  found state code: 3'000
  found ctrl output: \u_core.g_arb[4].u_arb.mask [1]
  found ctrl output: \u_core.g_arb[4].u_arb.mask [2]
  found ctrl output: \u_core.g_arb[4].u_arb.mask [3]
  found ctrl output: \u_core.g_arb[4].u_arb.mask [4]
  found ctrl output: \u_core.g_arb[4].u_arb.mask [0]
  ctrl inputs: { $flatten\u_core.\g_arb[4].u_arb.$logic_and$rtl/rr_arbiter.sv:57$452_Y \u_core.g_arb[4].u_arb.grant \rst }
  ctrl outputs: { $flatten\u_core.\g_arb[4].u_arb.$0\ptr[2:0] \u_core.g_arb[4].u_arb.mask }
  transition:      3'000 7'0-----0 ->      3'000 8'00011111
  transition:      3'000 7'1000000 ->      3'000 8'00011111
  transition:      3'000 7'1000010 ->      3'001 8'00111111
  transition:      3'000 7'10001-0 ->      3'010 8'01011111
  transition:      3'000 7'1001--0 ->      3'011 8'01111111
  transition:      3'000 7'101---0 ->      3'100 8'10011111
  transition:      3'000 7'11----0 ->      3'000 8'00011111
  transition:      3'000 7'------1 ->      3'000 8'00011111
  transition:      3'100 7'0-----0 ->      3'100 8'10010000
  transition:      3'100 7'1000000 ->      3'100 8'10010000
  transition:      3'100 7'1000010 ->      3'001 8'00110000
  transition:      3'100 7'10001-0 ->      3'010 8'01010000
  transition:      3'100 7'1001--0 ->      3'011 8'01110000
  transition:      3'100 7'101---0 ->      3'100 8'10010000
  transition:      3'100 7'11----0 ->      3'000 8'00010000
  transition:      3'100 7'------1 ->      3'000 8'00010000
  transition:      3'010 7'0-----0 ->      3'010 8'01011100
  transition:      3'010 7'1000000 ->      3'010 8'01011100
  transition:      3'010 7'1000010 ->      3'001 8'00111100
  transition:      3'010 7'10001-0 ->      3'010 8'01011100
  transition:      3'010 7'1001--0 ->      3'011 8'01111100
  transition:      3'010 7'101---0 ->      3'100 8'10011100
  transition:      3'010 7'11----0 ->      3'000 8'00011100
  transition:      3'010 7'------1 ->      3'000 8'00011100
  transition:      3'001 7'0-----0 ->      3'001 8'00111110
  transition:      3'001 7'1000000 ->      3'001 8'00111110
  transition:      3'001 7'1000010 ->      3'001 8'00111110
  transition:      3'001 7'10001-0 ->      3'010 8'01011110
  transition:      3'001 7'1001--0 ->      3'011 8'01111110
  transition:      3'001 7'101---0 ->      3'100 8'10011110
  transition:      3'001 7'11----0 ->      3'000 8'00011110
  transition:      3'001 7'------1 ->      3'000 8'00011110
  transition:      3'011 7'0-----0 ->      3'011 8'01111000
  transition:      3'011 7'1000000 ->      3'011 8'01111000
  transition:      3'011 7'1000010 ->      3'001 8'00111000
  transition:      3'011 7'10001-0 ->      3'010 8'01011000
  transition:      3'011 7'1001--0 ->      3'011 8'01111000
  transition:      3'011 7'101---0 ->      3'100 8'10011000
  transition:      3'011 7'11----0 ->      3'000 8'00011000
  transition:      3'011 7'------1 ->      3'000 8'00011000

13.9.3. Executing FSM_OPT pass (simple optimizations of FSMs).
Optimizing FSM `$fsm$\u_core.g_arb[4].u_arb.ptr$918' from module `\aegis_noc'.
  Merging pattern 7'1000000 and 7'1000010 from group (3 3 8'00111110).
  Merging pattern 7'1000010 and 7'1000000 from group (3 3 8'00111110).
Optimizing FSM `$fsm$\u_core.g_arb[3].u_arb.ptr$911' from module `\aegis_noc'.
  Merging pattern 7'1000000 and 7'1000010 from group (3 3 8'00111110).
  Merging pattern 7'1000010 and 7'1000000 from group (3 3 8'00111110).
Optimizing FSM `$fsm$\u_core.g_arb[2].u_arb.ptr$904' from module `\aegis_noc'.
  Merging pattern 7'1000000 and 7'1000010 from group (3 3 8'00111110).
  Merging pattern 7'1000010 and 7'1000000 from group (3 3 8'00111110).
Optimizing FSM `$fsm$\u_core.g_arb[1].u_arb.ptr$897' from module `\aegis_noc'.
  Merging pattern 7'1000000 and 7'1000010 from group (3 3 8'00111110).
  Merging pattern 7'1000010 and 7'1000000 from group (3 3 8'00111110).
Optimizing FSM `$fsm$\u_core.g_arb[0].u_arb.ptr$890' from module `\aegis_noc'.
  Merging pattern 7'1000000 and 7'1000010 from group (3 3 8'00111110).
  Merging pattern 7'1000010 and 7'1000000 from group (3 3 8'00111110).

13.9.4. Executing OPT_CLEAN pass (remove unused cells and wires).
Finding unused cells or wires in module \aegis_noc..
Removed 65 unused cells and 65 unused wires.
<suppressed ~71 debug messages>

13.9.5. Executing FSM_OPT pass (simple optimizations of FSMs).
Optimizing FSM `$fsm$\u_core.g_arb[0].u_arb.ptr$890' from module `\aegis_noc'.
  Removing unused output signal $flatten\u_core.\g_arb[0].u_arb.$0\ptr[2:0] [0].
  Removing unused output signal $flatten\u_core.\g_arb[0].u_arb.$0\ptr[2:0] [1].
  Removing unused output signal $flatten\u_core.\g_arb[0].u_arb.$0\ptr[2:0] [2].
Optimizing FSM `$fsm$\u_core.g_arb[1].u_arb.ptr$897' from module `\aegis_noc'.
  Removing unused output signal $flatten\u_core.\g_arb[1].u_arb.$0\ptr[2:0] [0].
  Removing unused output signal $flatten\u_core.\g_arb[1].u_arb.$0\ptr[2:0] [1].
  Removing unused output signal $flatten\u_core.\g_arb[1].u_arb.$0\ptr[2:0] [2].
Optimizing FSM `$fsm$\u_core.g_arb[2].u_arb.ptr$904' from module `\aegis_noc'.
  Removing unused output signal $flatten\u_core.\g_arb[2].u_arb.$0\ptr[2:0] [0].
  Removing unused output signal $flatten\u_core.\g_arb[2].u_arb.$0\ptr[2:0] [1].
  Removing unused output signal $flatten\u_core.\g_arb[2].u_arb.$0\ptr[2:0] [2].
Optimizing FSM `$fsm$\u_core.g_arb[3].u_arb.ptr$911' from module `\aegis_noc'.
  Removing unused output signal $flatten\u_core.\g_arb[3].u_arb.$0\ptr[2:0] [0].
  Removing unused output signal $flatten\u_core.\g_arb[3].u_arb.$0\ptr[2:0] [1].
  Removing unused output signal $flatten\u_core.\g_arb[3].u_arb.$0\ptr[2:0] [2].
Optimizing FSM `$fsm$\u_core.g_arb[4].u_arb.ptr$918' from module `\aegis_noc'.
  Removing unused output signal $flatten\u_core.\g_arb[4].u_arb.$0\ptr[2:0] [0].
  Removing unused output signal $flatten\u_core.\g_arb[4].u_arb.$0\ptr[2:0] [1].
  Removing unused output signal $flatten\u_core.\g_arb[4].u_arb.$0\ptr[2:0] [2].

13.9.6. Executing FSM_RECODE pass (re-assigning FSM state encoding).
Recoding FSM `$fsm$\u_core.g_arb[0].u_arb.ptr$890' from module `\aegis_noc' using `auto' encoding:
  mapping auto encoding to `one-hot` for this FSM.
  000 -> ----1
  100 -> ---1-
  010 -> --1--
  001 -> -1---
  011 -> 1----
Recoding FSM `$fsm$\u_core.g_arb[1].u_arb.ptr$897' from module `\aegis_noc' using `auto' encoding:
  mapping auto encoding to `one-hot` for this FSM.
  000 -> ----1
  100 -> ---1-
  010 -> --1--
  001 -> -1---
  011 -> 1----
Recoding FSM `$fsm$\u_core.g_arb[2].u_arb.ptr$904' from module `\aegis_noc' using `auto' encoding:
  mapping auto encoding to `one-hot` for this FSM.
  000 -> ----1
  100 -> ---1-
  010 -> --1--
  001 -> -1---
  011 -> 1----
Recoding FSM `$fsm$\u_core.g_arb[3].u_arb.ptr$911' from module `\aegis_noc' using `auto' encoding:
  mapping auto encoding to `one-hot` for this FSM.
  000 -> ----1
  100 -> ---1-
  010 -> --1--
  001 -> -1---
  011 -> 1----
Recoding FSM `$fsm$\u_core.g_arb[4].u_arb.ptr$918' from module `\aegis_noc' using `auto' encoding:
  mapping auto encoding to `one-hot` for this FSM.
  000 -> ----1
  100 -> ---1-
  010 -> --1--
  001 -> -1---
  011 -> 1----

13.9.7. Executing FSM_INFO pass (dumping all available information on FSM cells).

FSM `$fsm$\u_core.g_arb[0].u_arb.ptr$890' from module `aegis_noc':
-------------------------------------

  Information on FSM $fsm$\u_core.g_arb[0].u_arb.ptr$890 (\u_core.g_arb[0].u_arb.ptr):

  Number of input signals:    7
  Number of output signals:   5
  Number of state bits:       5

  Input signals:
    0: \rst
    1: \u_core.g_arb[0].u_arb.grant [0]
    2: \u_core.g_arb[0].u_arb.grant [1]
    3: \u_core.g_arb[0].u_arb.grant [2]
    4: \u_core.g_arb[0].u_arb.grant [3]
    5: \u_core.g_arb[0].u_arb.grant [4]
    6: $flatten\u_core.\g_arb[0].u_arb.$logic_and$rtl/rr_arbiter.sv:57$452_Y

  Output signals:
    0: \u_core.g_arb[0].u_arb.mask [0]
    1: \u_core.g_arb[0].u_arb.mask [1]
    2: \u_core.g_arb[0].u_arb.mask [2]
    3: \u_core.g_arb[0].u_arb.mask [3]
    4: \u_core.g_arb[0].u_arb.mask [4]

  State encoding:
    0:    5'----1  <RESET STATE>
    1:    5'---1-
    2:    5'--1--
    3:    5'-1---
    4:    5'1----

  Transition Table (state_in, ctrl_in, state_out, ctrl_out):
      0:     0 7'1000000   ->     0 5'11111
      1:     0 7'11----0   ->     0 5'11111
      2:     0 7'0-----0   ->     0 5'11111
      3:     0 7'------1   ->     0 5'11111
      4:     0 7'101---0   ->     1 5'11111
      5:     0 7'10001-0   ->     2 5'11111
      6:     0 7'1000010   ->     3 5'11111
      7:     0 7'1001--0   ->     4 5'11111
      8:     1 7'11----0   ->     0 5'10000
      9:     1 7'------1   ->     0 5'10000
     10:     1 7'1000000   ->     1 5'10000
     11:     1 7'101---0   ->     1 5'10000
     12:     1 7'0-----0   ->     1 5'10000
     13:     1 7'10001-0   ->     2 5'10000
     14:     1 7'1000010   ->     3 5'10000
     15:     1 7'1001--0   ->     4 5'10000
     16:     2 7'11----0   ->     0 5'11100
     17:     2 7'------1   ->     0 5'11100
     18:     2 7'101---0   ->     1 5'11100
     19:     2 7'1000000   ->     2 5'11100
     20:     2 7'10001-0   ->     2 5'11100
     21:     2 7'0-----0   ->     2 5'11100
     22:     2 7'1000010   ->     3 5'11100
     23:     2 7'1001--0   ->     4 5'11100
     24:     3 7'11----0   ->     0 5'11110
     25:     3 7'------1   ->     0 5'11110
     26:     3 7'101---0   ->     1 5'11110
     27:     3 7'10001-0   ->     2 5'11110
     28:     3 7'10000-0   ->     3 5'11110
     29:     3 7'0-----0   ->     3 5'11110
     30:     3 7'1001--0   ->     4 5'11110
     31:     4 7'11----0   ->     0 5'11000
     32:     4 7'------1   ->     0 5'11000
     33:     4 7'101---0   ->     1 5'11000
     34:     4 7'10001-0   ->     2 5'11000
     35:     4 7'1000010   ->     3 5'11000
     36:     4 7'1000000   ->     4 5'11000
     37:     4 7'1001--0   ->     4 5'11000
     38:     4 7'0-----0   ->     4 5'11000

-------------------------------------

FSM `$fsm$\u_core.g_arb[1].u_arb.ptr$897' from module `aegis_noc':
-------------------------------------

  Information on FSM $fsm$\u_core.g_arb[1].u_arb.ptr$897 (\u_core.g_arb[1].u_arb.ptr):

  Number of input signals:    7
  Number of output signals:   5
  Number of state bits:       5

  Input signals:
    0: \rst
    1: \u_core.g_arb[1].u_arb.grant [0]
    2: \u_core.g_arb[1].u_arb.grant [1]
    3: \u_core.g_arb[1].u_arb.grant [2]
    4: \u_core.g_arb[1].u_arb.grant [3]
    5: \u_core.g_arb[1].u_arb.grant [4]
    6: $flatten\u_core.\g_arb[1].u_arb.$logic_and$rtl/rr_arbiter.sv:57$452_Y

  Output signals:
    0: \u_core.g_arb[1].u_arb.mask [0]
    1: \u_core.g_arb[1].u_arb.mask [1]
    2: \u_core.g_arb[1].u_arb.mask [2]
    3: \u_core.g_arb[1].u_arb.mask [3]
    4: \u_core.g_arb[1].u_arb.mask [4]

  State encoding:
    0:    5'----1  <RESET STATE>
    1:    5'---1-
    2:    5'--1--
    3:    5'-1---
    4:    5'1----

  Transition Table (state_in, ctrl_in, state_out, ctrl_out):
      0:     0 7'1000000   ->     0 5'11111
      1:     0 7'11----0   ->     0 5'11111
      2:     0 7'0-----0   ->     0 5'11111
      3:     0 7'------1   ->     0 5'11111
      4:     0 7'101---0   ->     1 5'11111
      5:     0 7'10001-0   ->     2 5'11111
      6:     0 7'1000010   ->     3 5'11111
      7:     0 7'1001--0   ->     4 5'11111
      8:     1 7'11----0   ->     0 5'10000
      9:     1 7'------1   ->     0 5'10000
     10:     1 7'1000000   ->     1 5'10000
     11:     1 7'101---0   ->     1 5'10000
     12:     1 7'0-----0   ->     1 5'10000
     13:     1 7'10001-0   ->     2 5'10000
     14:     1 7'1000010   ->     3 5'10000
     15:     1 7'1001--0   ->     4 5'10000
     16:     2 7'11----0   ->     0 5'11100
     17:     2 7'------1   ->     0 5'11100
     18:     2 7'101---0   ->     1 5'11100
     19:     2 7'1000000   ->     2 5'11100
     20:     2 7'10001-0   ->     2 5'11100
     21:     2 7'0-----0   ->     2 5'11100
     22:     2 7'1000010   ->     3 5'11100
     23:     2 7'1001--0   ->     4 5'11100
     24:     3 7'11----0   ->     0 5'11110
     25:     3 7'------1   ->     0 5'11110
     26:     3 7'101---0   ->     1 5'11110
     27:     3 7'10001-0   ->     2 5'11110
     28:     3 7'10000-0   ->     3 5'11110
     29:     3 7'0-----0   ->     3 5'11110
     30:     3 7'1001--0   ->     4 5'11110
     31:     4 7'11----0   ->     0 5'11000
     32:     4 7'------1   ->     0 5'11000
     33:     4 7'101---0   ->     1 5'11000
     34:     4 7'10001-0   ->     2 5'11000
     35:     4 7'1000010   ->     3 5'11000
     36:     4 7'1000000   ->     4 5'11000
     37:     4 7'1001--0   ->     4 5'11000
     38:     4 7'0-----0   ->     4 5'11000

-------------------------------------

FSM `$fsm$\u_core.g_arb[2].u_arb.ptr$904' from module `aegis_noc':
-------------------------------------

  Information on FSM $fsm$\u_core.g_arb[2].u_arb.ptr$904 (\u_core.g_arb[2].u_arb.ptr):

  Number of input signals:    7
  Number of output signals:   5
  Number of state bits:       5

  Input signals:
    0: \rst
    1: \u_core.g_arb[2].u_arb.grant [0]
    2: \u_core.g_arb[2].u_arb.grant [1]
    3: \u_core.g_arb[2].u_arb.grant [2]
    4: \u_core.g_arb[2].u_arb.grant [3]
    5: \u_core.g_arb[2].u_arb.grant [4]
    6: $flatten\u_core.\g_arb[2].u_arb.$logic_and$rtl/rr_arbiter.sv:57$452_Y

  Output signals:
    0: \u_core.g_arb[2].u_arb.mask [0]
    1: \u_core.g_arb[2].u_arb.mask [1]
    2: \u_core.g_arb[2].u_arb.mask [2]
    3: \u_core.g_arb[2].u_arb.mask [3]
    4: \u_core.g_arb[2].u_arb.mask [4]

  State encoding:
    0:    5'----1  <RESET STATE>
    1:    5'---1-
    2:    5'--1--
    3:    5'-1---
    4:    5'1----

  Transition Table (state_in, ctrl_in, state_out, ctrl_out):
      0:     0 7'1000000   ->     0 5'11111
      1:     0 7'11----0   ->     0 5'11111
      2:     0 7'0-----0   ->     0 5'11111
      3:     0 7'------1   ->     0 5'11111
      4:     0 7'101---0   ->     1 5'11111
      5:     0 7'10001-0   ->     2 5'11111
      6:     0 7'1000010   ->     3 5'11111
      7:     0 7'1001--0   ->     4 5'11111
      8:     1 7'11----0   ->     0 5'10000
      9:     1 7'------1   ->     0 5'10000
     10:     1 7'1000000   ->     1 5'10000
     11:     1 7'101---0   ->     1 5'10000
     12:     1 7'0-----0   ->     1 5'10000
     13:     1 7'10001-0   ->     2 5'10000
     14:     1 7'1000010   ->     3 5'10000
     15:     1 7'1001--0   ->     4 5'10000
     16:     2 7'11----0   ->     0 5'11100
     17:     2 7'------1   ->     0 5'11100
     18:     2 7'101---0   ->     1 5'11100
     19:     2 7'1000000   ->     2 5'11100
     20:     2 7'10001-0   ->     2 5'11100
     21:     2 7'0-----0   ->     2 5'11100
     22:     2 7'1000010   ->     3 5'11100
     23:     2 7'1001--0   ->     4 5'11100
     24:     3 7'11----0   ->     0 5'11110
     25:     3 7'------1   ->     0 5'11110
     26:     3 7'101---0   ->     1 5'11110
     27:     3 7'10001-0   ->     2 5'11110
     28:     3 7'10000-0   ->     3 5'11110
     29:     3 7'0-----0   ->     3 5'11110
     30:     3 7'1001--0   ->     4 5'11110
     31:     4 7'11----0   ->     0 5'11000
     32:     4 7'------1   ->     0 5'11000
     33:     4 7'101---0   ->     1 5'11000
     34:     4 7'10001-0   ->     2 5'11000
     35:     4 7'1000010   ->     3 5'11000
     36:     4 7'1000000   ->     4 5'11000
     37:     4 7'1001--0   ->     4 5'11000
     38:     4 7'0-----0   ->     4 5'11000

-------------------------------------

FSM `$fsm$\u_core.g_arb[3].u_arb.ptr$911' from module `aegis_noc':
-------------------------------------

  Information on FSM $fsm$\u_core.g_arb[3].u_arb.ptr$911 (\u_core.g_arb[3].u_arb.ptr):

  Number of input signals:    7
  Number of output signals:   5
  Number of state bits:       5

  Input signals:
    0: \rst
    1: \u_core.g_arb[3].u_arb.grant [0]
    2: \u_core.g_arb[3].u_arb.grant [1]
    3: \u_core.g_arb[3].u_arb.grant [2]
    4: \u_core.g_arb[3].u_arb.grant [3]
    5: \u_core.g_arb[3].u_arb.grant [4]
    6: $flatten\u_core.\g_arb[3].u_arb.$logic_and$rtl/rr_arbiter.sv:57$452_Y

  Output signals:
    0: \u_core.g_arb[3].u_arb.mask [0]
    1: \u_core.g_arb[3].u_arb.mask [1]
    2: \u_core.g_arb[3].u_arb.mask [2]
    3: \u_core.g_arb[3].u_arb.mask [3]
    4: \u_core.g_arb[3].u_arb.mask [4]

  State encoding:
    0:    5'----1  <RESET STATE>
    1:    5'---1-
    2:    5'--1--
    3:    5'-1---
    4:    5'1----

  Transition Table (state_in, ctrl_in, state_out, ctrl_out):
      0:     0 7'1000000   ->     0 5'11111
      1:     0 7'11----0   ->     0 5'11111
      2:     0 7'0-----0   ->     0 5'11111
      3:     0 7'------1   ->     0 5'11111
      4:     0 7'101---0   ->     1 5'11111
      5:     0 7'10001-0   ->     2 5'11111
      6:     0 7'1000010   ->     3 5'11111
      7:     0 7'1001--0   ->     4 5'11111
      8:     1 7'11----0   ->     0 5'10000
      9:     1 7'------1   ->     0 5'10000
     10:     1 7'1000000   ->     1 5'10000
     11:     1 7'101---0   ->     1 5'10000
     12:     1 7'0-----0   ->     1 5'10000
     13:     1 7'10001-0   ->     2 5'10000
     14:     1 7'1000010   ->     3 5'10000
     15:     1 7'1001--0   ->     4 5'10000
     16:     2 7'11----0   ->     0 5'11100
     17:     2 7'------1   ->     0 5'11100
     18:     2 7'101---0   ->     1 5'11100
     19:     2 7'1000000   ->     2 5'11100
     20:     2 7'10001-0   ->     2 5'11100
     21:     2 7'0-----0   ->     2 5'11100
     22:     2 7'1000010   ->     3 5'11100
     23:     2 7'1001--0   ->     4 5'11100
     24:     3 7'11----0   ->     0 5'11110
     25:     3 7'------1   ->     0 5'11110
     26:     3 7'101---0   ->     1 5'11110
     27:     3 7'10001-0   ->     2 5'11110
     28:     3 7'10000-0   ->     3 5'11110
     29:     3 7'0-----0   ->     3 5'11110
     30:     3 7'1001--0   ->     4 5'11110
     31:     4 7'11----0   ->     0 5'11000
     32:     4 7'------1   ->     0 5'11000
     33:     4 7'101---0   ->     1 5'11000
     34:     4 7'10001-0   ->     2 5'11000
     35:     4 7'1000010   ->     3 5'11000
     36:     4 7'1000000   ->     4 5'11000
     37:     4 7'1001--0   ->     4 5'11000
     38:     4 7'0-----0   ->     4 5'11000

-------------------------------------

FSM `$fsm$\u_core.g_arb[4].u_arb.ptr$918' from module `aegis_noc':
-------------------------------------

  Information on FSM $fsm$\u_core.g_arb[4].u_arb.ptr$918 (\u_core.g_arb[4].u_arb.ptr):

  Number of input signals:    7
  Number of output signals:   5
  Number of state bits:       5

  Input signals:
    0: \rst
    1: \u_core.g_arb[4].u_arb.grant [0]
    2: \u_core.g_arb[4].u_arb.grant [1]
    3: \u_core.g_arb[4].u_arb.grant [2]
    4: \u_core.g_arb[4].u_arb.grant [3]
    5: \u_core.g_arb[4].u_arb.grant [4]
    6: $flatten\u_core.\g_arb[4].u_arb.$logic_and$rtl/rr_arbiter.sv:57$452_Y

  Output signals:
    0: \u_core.g_arb[4].u_arb.mask [0]
    1: \u_core.g_arb[4].u_arb.mask [1]
    2: \u_core.g_arb[4].u_arb.mask [2]
    3: \u_core.g_arb[4].u_arb.mask [3]
    4: \u_core.g_arb[4].u_arb.mask [4]

  State encoding:
    0:    5'----1  <RESET STATE>
    1:    5'---1-
    2:    5'--1--
    3:    5'-1---
    4:    5'1----

  Transition Table (state_in, ctrl_in, state_out, ctrl_out):
      0:     0 7'1000000   ->     0 5'11111
      1:     0 7'11----0   ->     0 5'11111
      2:     0 7'0-----0   ->     0 5'11111
      3:     0 7'------1   ->     0 5'11111
      4:     0 7'101---0   ->     1 5'11111
      5:     0 7'10001-0   ->     2 5'11111
      6:     0 7'1000010   ->     3 5'11111
      7:     0 7'1001--0   ->     4 5'11111
      8:     1 7'11----0   ->     0 5'10000
      9:     1 7'------1   ->     0 5'10000
     10:     1 7'1000000   ->     1 5'10000
     11:     1 7'101---0   ->     1 5'10000
     12:     1 7'0-----0   ->     1 5'10000
     13:     1 7'10001-0   ->     2 5'10000
     14:     1 7'1000010   ->     3 5'10000
     15:     1 7'1001--0   ->     4 5'10000
     16:     2 7'11----0   ->     0 5'11100
     17:     2 7'------1   ->     0 5'11100
     18:     2 7'101---0   ->     1 5'11100
     19:     2 7'1000000   ->     2 5'11100
     20:     2 7'10001-0   ->     2 5'11100
     21:     2 7'0-----0   ->     2 5'11100
     22:     2 7'1000010   ->     3 5'11100
     23:     2 7'1001--0   ->     4 5'11100
     24:     3 7'11----0   ->     0 5'11110
     25:     3 7'------1   ->     0 5'11110
     26:     3 7'101---0   ->     1 5'11110
     27:     3 7'10001-0   ->     2 5'11110
     28:     3 7'10000-0   ->     3 5'11110
     29:     3 7'0-----0   ->     3 5'11110
     30:     3 7'1001--0   ->     4 5'11110
     31:     4 7'11----0   ->     0 5'11000
     32:     4 7'------1   ->     0 5'11000
     33:     4 7'101---0   ->     1 5'11000
     34:     4 7'10001-0   ->     2 5'11000
     35:     4 7'1000010   ->     3 5'11000
     36:     4 7'1000000   ->     4 5'11000
     37:     4 7'1001--0   ->     4 5'11000
     38:     4 7'0-----0   ->     4 5'11000

-------------------------------------

13.9.8. Executing FSM_MAP pass (mapping FSMs to basic logic).
Mapping FSM `$fsm$\u_core.g_arb[0].u_arb.ptr$890' from module `\aegis_noc'.
Mapping FSM `$fsm$\u_core.g_arb[1].u_arb.ptr$897' from module `\aegis_noc'.
Mapping FSM `$fsm$\u_core.g_arb[2].u_arb.ptr$904' from module `\aegis_noc'.
Mapping FSM `$fsm$\u_core.g_arb[3].u_arb.ptr$911' from module `\aegis_noc'.
Mapping FSM `$fsm$\u_core.g_arb[4].u_arb.ptr$918' from module `\aegis_noc'.

13.10. Executing OPT pass (performing simple optimizations).

13.10.1. Executing OPT_EXPR pass (perform const folding).
Optimizing module aegis_noc.
<suppressed ~30 debug messages>

13.10.2. Executing OPT_MERGE pass (detect identical cells).
Finding identical cells in module `\aegis_noc'.
Computing hashes of 1102 cells of `\aegis_noc'.
Finding duplicate cells in `\aegis_noc'.
Computing hashes of 1067 cells of `\aegis_noc'.
Finding duplicate cells in `\aegis_noc'.
<suppressed ~105 debug messages>
Removed a total of 35 cells.

13.10.3. Executing OPT_MUXTREE pass (detect dead branches in mux trees).
Running muxtree optimizer on module \aegis_noc..
  Creating internal representation of mux trees.
  Evaluating internal representation of mux trees.
  Analyzing evaluation results.
Removed 0 multiplexer ports.
<suppressed ~153 debug messages>

13.10.4. Executing OPT_REDUCE pass (consolidate $*mux and $reduce_* inputs).
  Optimizing cells in module \aegis_noc.
Performed a total of 0 changes.

13.10.5. Executing OPT_MERGE pass (detect identical cells).
Finding identical cells in module `\aegis_noc'.
Computing hashes of 1067 cells of `\aegis_noc'.
Finding duplicate cells in `\aegis_noc'.
Removed a total of 0 cells.

13.10.6. Executing OPT_DFF pass (perform DFF optimizations).
Adding SRST signal on $procdff$848 ($dff) from module aegis_noc (D = $add$rtl/aegis_noc.sv:135$418_Y, Q = \corrected_error_count, rval = 0).
Adding SRST signal on $procdff$849 ($dff) from module aegis_noc (D = $add$rtl/aegis_noc.sv:136$419_Y, Q = \uncorrectable_error_count, rval = 0).
Adding SRST signal on $procdff$850 ($dff) from module aegis_noc (D = $and$rtl/aegis_noc.sv:116$403_Y, Q = \sec_evt_q, rval = 5'00000).
Adding SRST signal on $procdff$851 ($dff) from module aegis_noc (D = $and$rtl/aegis_noc.sv:117$404_Y, Q = \ded_evt_q, rval = 5'00000).
Adding SRST signal on $flatten\u_core.\g_in[4].u_fifo.$procdff$855 ($dff) from module aegis_noc (D = $flatten\u_core.\g_in[4].u_fifo.$procmux$784_Y, Q = \u_core.g_in[4].u_fifo.wptr, rval = 2'00).
Adding EN signal on $auto$ff.cc:337:slice$1254 ($sdff) from module aegis_noc (D = $flatten\u_core.\g_in[4].u_fifo.$add$rtl/sync_fifo.sv:61$468_Y, Q = \u_core.g_in[4].u_fifo.wptr).
Adding SRST signal on $flatten\u_core.\g_in[4].u_fifo.$procdff$856 ($dff) from module aegis_noc (D = $flatten\u_core.\g_in[4].u_fifo.$procmux$779_Y, Q = \u_core.g_in[4].u_fifo.rptr, rval = 2'00).
Adding EN signal on $auto$ff.cc:337:slice$1256 ($sdff) from module aegis_noc (D = $flatten\u_core.\g_in[4].u_fifo.$add$rtl/sync_fifo.sv:62$469_Y, Q = \u_core.g_in[4].u_fifo.rptr).
Adding SRST signal on $flatten\u_core.\g_in[4].u_fifo.$procdff$857 ($dff) from module aegis_noc (D = $flatten\u_core.\g_in[4].u_fifo.$procmux$773_Y, Q = \u_core.g_in[4].u_fifo.cnt, rval = 3'000).
Adding EN signal on $auto$ff.cc:337:slice$1258 ($sdff) from module aegis_noc (D = $flatten\u_core.\g_in[4].u_fifo.$procmux$773_Y, Q = \u_core.g_in[4].u_fifo.cnt).
Adding SRST signal on $flatten\u_core.\g_in[3].u_fifo.$procdff$855 ($dff) from module aegis_noc (D = $flatten\u_core.\g_in[3].u_fifo.$procmux$784_Y, Q = \u_core.g_in[3].u_fifo.wptr, rval = 2'00).
Adding EN signal on $auto$ff.cc:337:slice$1262 ($sdff) from module aegis_noc (D = $flatten\u_core.\g_in[3].u_fifo.$add$rtl/sync_fifo.sv:61$468_Y, Q = \u_core.g_in[3].u_fifo.wptr).
Adding SRST signal on $flatten\u_core.\g_in[3].u_fifo.$procdff$856 ($dff) from module aegis_noc (D = $flatten\u_core.\g_in[3].u_fifo.$procmux$779_Y, Q = \u_core.g_in[3].u_fifo.rptr, rval = 2'00).
Adding EN signal on $auto$ff.cc:337:slice$1264 ($sdff) from module aegis_noc (D = $flatten\u_core.\g_in[3].u_fifo.$add$rtl/sync_fifo.sv:62$469_Y, Q = \u_core.g_in[3].u_fifo.rptr).
Adding SRST signal on $flatten\u_core.\g_in[3].u_fifo.$procdff$857 ($dff) from module aegis_noc (D = $flatten\u_core.\g_in[3].u_fifo.$procmux$773_Y, Q = \u_core.g_in[3].u_fifo.cnt, rval = 3'000).
Adding EN signal on $auto$ff.cc:337:slice$1266 ($sdff) from module aegis_noc (D = $flatten\u_core.\g_in[3].u_fifo.$procmux$773_Y, Q = \u_core.g_in[3].u_fifo.cnt).
Adding SRST signal on $flatten\u_core.\g_in[2].u_fifo.$procdff$855 ($dff) from module aegis_noc (D = $flatten\u_core.\g_in[2].u_fifo.$procmux$784_Y, Q = \u_core.g_in[2].u_fifo.wptr, rval = 2'00).
Adding EN signal on $auto$ff.cc:337:slice$1270 ($sdff) from module aegis_noc (D = $flatten\u_core.\g_in[2].u_fifo.$add$rtl/sync_fifo.sv:61$468_Y, Q = \u_core.g_in[2].u_fifo.wptr).
Adding SRST signal on $flatten\u_core.\g_in[2].u_fifo.$procdff$856 ($dff) from module aegis_noc (D = $flatten\u_core.\g_in[2].u_fifo.$procmux$779_Y, Q = \u_core.g_in[2].u_fifo.rptr, rval = 2'00).
Adding EN signal on $auto$ff.cc:337:slice$1272 ($sdff) from module aegis_noc (D = $flatten\u_core.\g_in[2].u_fifo.$add$rtl/sync_fifo.sv:62$469_Y, Q = \u_core.g_in[2].u_fifo.rptr).
Adding SRST signal on $flatten\u_core.\g_in[2].u_fifo.$procdff$857 ($dff) from module aegis_noc (D = $flatten\u_core.\g_in[2].u_fifo.$procmux$773_Y, Q = \u_core.g_in[2].u_fifo.cnt, rval = 3'000).
Adding EN signal on $auto$ff.cc:337:slice$1274 ($sdff) from module aegis_noc (D = $flatten\u_core.\g_in[2].u_fifo.$procmux$773_Y, Q = \u_core.g_in[2].u_fifo.cnt).
Adding SRST signal on $flatten\u_core.\g_in[1].u_fifo.$procdff$855 ($dff) from module aegis_noc (D = $flatten\u_core.\g_in[1].u_fifo.$procmux$784_Y, Q = \u_core.g_in[1].u_fifo.wptr, rval = 2'00).
Adding EN signal on $auto$ff.cc:337:slice$1278 ($sdff) from module aegis_noc (D = $flatten\u_core.\g_in[1].u_fifo.$add$rtl/sync_fifo.sv:61$468_Y, Q = \u_core.g_in[1].u_fifo.wptr).
Adding SRST signal on $flatten\u_core.\g_in[1].u_fifo.$procdff$856 ($dff) from module aegis_noc (D = $flatten\u_core.\g_in[1].u_fifo.$procmux$779_Y, Q = \u_core.g_in[1].u_fifo.rptr, rval = 2'00).
Adding EN signal on $auto$ff.cc:337:slice$1280 ($sdff) from module aegis_noc (D = $flatten\u_core.\g_in[1].u_fifo.$add$rtl/sync_fifo.sv:62$469_Y, Q = \u_core.g_in[1].u_fifo.rptr).
Adding SRST signal on $flatten\u_core.\g_in[1].u_fifo.$procdff$857 ($dff) from module aegis_noc (D = $flatten\u_core.\g_in[1].u_fifo.$procmux$773_Y, Q = \u_core.g_in[1].u_fifo.cnt, rval = 3'000).
Adding EN signal on $auto$ff.cc:337:slice$1282 ($sdff) from module aegis_noc (D = $flatten\u_core.\g_in[1].u_fifo.$procmux$773_Y, Q = \u_core.g_in[1].u_fifo.cnt).
Adding SRST signal on $flatten\u_core.\g_in[0].u_fifo.$procdff$855 ($dff) from module aegis_noc (D = $flatten\u_core.\g_in[0].u_fifo.$procmux$784_Y, Q = \u_core.g_in[0].u_fifo.wptr, rval = 2'00).
Adding EN signal on $auto$ff.cc:337:slice$1286 ($sdff) from module aegis_noc (D = $flatten\u_core.\g_in[0].u_fifo.$add$rtl/sync_fifo.sv:61$468_Y, Q = \u_core.g_in[0].u_fifo.wptr).
Adding SRST signal on $flatten\u_core.\g_in[0].u_fifo.$procdff$856 ($dff) from module aegis_noc (D = $flatten\u_core.\g_in[0].u_fifo.$procmux$779_Y, Q = \u_core.g_in[0].u_fifo.rptr, rval = 2'00).
Adding EN signal on $auto$ff.cc:337:slice$1288 ($sdff) from module aegis_noc (D = $flatten\u_core.\g_in[0].u_fifo.$add$rtl/sync_fifo.sv:62$469_Y, Q = \u_core.g_in[0].u_fifo.rptr).
Adding SRST signal on $flatten\u_core.\g_in[0].u_fifo.$procdff$857 ($dff) from module aegis_noc (D = $flatten\u_core.\g_in[0].u_fifo.$procmux$773_Y, Q = \u_core.g_in[0].u_fifo.cnt, rval = 3'000).
Adding EN signal on $auto$ff.cc:337:slice$1290 ($sdff) from module aegis_noc (D = $flatten\u_core.\g_in[0].u_fifo.$procmux$773_Y, Q = \u_core.g_in[0].u_fifo.cnt).
Adding SRST signal on $flatten\u_core.$procdff$852 ($dff) from module aegis_noc (D = { $flatten\u_core.$procmux$764_Y $flatten\u_core.$procmux$723_Y $flatten\u_core.$procmux$735_Y $flatten\u_core.$procmux$747_Y $flatten\u_core.$procmux$759_Y }, Q = \u_core.out_valid_q, rval = 5'00000).
Adding EN signal on $auto$ff.cc:337:slice$1294 ($sdff) from module aegis_noc (D = $flatten\u_core.$procmux$710_CMP, Q = \u_core.out_valid_q [4]).
Adding EN signal on $auto$ff.cc:337:slice$1294 ($sdff) from module aegis_noc (D = $flatten\u_core.$procmux$717_CMP, Q = \u_core.out_valid_q [3]).
Adding EN signal on $auto$ff.cc:337:slice$1294 ($sdff) from module aegis_noc (D = $flatten\u_core.$procmux$729_CMP, Q = \u_core.out_valid_q [2]).
Adding EN signal on $auto$ff.cc:337:slice$1294 ($sdff) from module aegis_noc (D = $flatten\u_core.$procmux$741_CMP, Q = \u_core.out_valid_q [1]).
Adding EN signal on $auto$ff.cc:337:slice$1294 ($sdff) from module aegis_noc (D = $flatten\u_core.$procmux$753_CMP, Q = \u_core.out_valid_q [0]).
Adding SRST signal on $flatten\u_core.$procdff$853 ($dff) from module aegis_noc (D = { $flatten\u_core.$procmux$711_Y $flatten\u_core.$procmux$718_Y $flatten\u_core.$procmux$730_Y $flatten\u_core.$procmux$742_Y $flatten\u_core.$procmux$754_Y }, Q = \u_core.out_data_q, rval = 160'0000000000000000000000000000000000000000000000000000000000000000000000000000000000000000000000000000000000000000000000000000000000000000000000000000000000000000).
Adding EN signal on $auto$ff.cc:337:slice$1300 ($sdff) from module aegis_noc (D = \u_core.xbar_out [159:128], Q = \u_core.out_data_q [159:128]).
Adding EN signal on $auto$ff.cc:337:slice$1300 ($sdff) from module aegis_noc (D = \u_core.xbar_out [127:96], Q = \u_core.out_data_q [127:96]).
Adding EN signal on $auto$ff.cc:337:slice$1300 ($sdff) from module aegis_noc (D = \u_core.xbar_out [95:64], Q = \u_core.out_data_q [95:64]).
Adding EN signal on $auto$ff.cc:337:slice$1300 ($sdff) from module aegis_noc (D = \u_core.xbar_out [63:32], Q = \u_core.out_data_q [63:32]).
Adding EN signal on $auto$ff.cc:337:slice$1300 ($sdff) from module aegis_noc (D = \u_core.xbar_out [31:0], Q = \u_core.out_data_q [31:0]).

13.10.7. Executing OPT_CLEAN pass (remove unused cells and wires).
Finding unused cells or wires in module \aegis_noc..
Removed 54 unused cells and 101 unused wires.
<suppressed ~55 debug messages>

13.10.8. Executing OPT_EXPR pass (perform const folding).
Optimizing module aegis_noc.
<suppressed ~5 debug messages>

13.10.9. Rerunning OPT passes. (Maybe there is more to do..)

13.10.10. Executing OPT_MUXTREE pass (detect dead branches in mux trees).
Running muxtree optimizer on module \aegis_noc..
  Creating internal representation of mux trees.
  Evaluating internal representation of mux trees.
  Analyzing evaluation results.
Removed 0 multiplexer ports.
<suppressed ~75 debug messages>

13.10.11. Executing OPT_REDUCE pass (consolidate $*mux and $reduce_* inputs).
  Optimizing cells in module \aegis_noc.
Performed a total of 0 changes.

13.10.12. Executing OPT_MERGE pass (detect identical cells).
Finding identical cells in module `\aegis_noc'.
Computing hashes of 1031 cells of `\aegis_noc'.
Finding duplicate cells in `\aegis_noc'.
Removed a total of 0 cells.

13.10.13. Executing OPT_DFF pass (perform DFF optimizations).

13.10.14. Executing OPT_CLEAN pass (remove unused cells and wires).
Finding unused cells or wires in module \aegis_noc..

13.10.15. Executing OPT_EXPR pass (perform const folding).
Optimizing module aegis_noc.

13.10.16. Finished fast OPT passes. (There is nothing left to do.)

13.11. Executing WREDUCE pass (reducing word size of cells).
Removed top 2 bits (of 3) from port A of cell aegis_noc.$add$rtl/aegis_noc.sv:125$409 ($add).
Removed top 2 bits (of 3) from port B of cell aegis_noc.$add$rtl/aegis_noc.sv:125$409 ($add).
Removed top 1 bits (of 3) from port Y of cell aegis_noc.$add$rtl/aegis_noc.sv:125$409 ($add).
Removed top 2 bits (of 3) from port A of cell aegis_noc.$add$rtl/aegis_noc.sv:126$410 ($add).
Removed top 2 bits (of 3) from port B of cell aegis_noc.$add$rtl/aegis_noc.sv:126$410 ($add).
Removed top 1 bits (of 3) from port Y of cell aegis_noc.$add$rtl/aegis_noc.sv:126$410 ($add).
Removed top 1 bits (of 3) from port A of cell aegis_noc.$add$rtl/aegis_noc.sv:125$411 ($add).
Removed top 2 bits (of 3) from port B of cell aegis_noc.$add$rtl/aegis_noc.sv:125$411 ($add).
Removed top 1 bits (of 3) from port A of cell aegis_noc.$add$rtl/aegis_noc.sv:126$412 ($add).
Removed top 2 bits (of 3) from port B of cell aegis_noc.$add$rtl/aegis_noc.sv:126$412 ($add).
Removed top 2 bits (of 3) from port B of cell aegis_noc.$add$rtl/aegis_noc.sv:125$413 ($add).
Removed top 2 bits (of 3) from port B of cell aegis_noc.$add$rtl/aegis_noc.sv:126$414 ($add).
Removed top 2 bits (of 3) from port B of cell aegis_noc.$add$rtl/aegis_noc.sv:125$415 ($add).
Removed top 2 bits (of 3) from port B of cell aegis_noc.$add$rtl/aegis_noc.sv:126$416 ($add).
Removed top 29 bits (of 32) from port B of cell aegis_noc.$add$rtl/aegis_noc.sv:135$418 ($add).
Removed top 29 bits (of 32) from port B of cell aegis_noc.$add$rtl/aegis_noc.sv:136$419 ($add).
Removed top 1 bits (of 2) from port B of cell aegis_noc.$flatten\u_core.\g_in[4].u_route.$lt$rtl/xy_route.sv:23$23 ($lt).
Removed top 1 bits (of 2) from port B of cell aegis_noc.$flatten\u_core.\g_in[4].u_route.$gt$rtl/xy_route.sv:24$24 ($gt).
Removed top 1 bits (of 2) from port B of cell aegis_noc.$flatten\u_core.\g_in[4].u_route.$lt$rtl/xy_route.sv:25$25 ($lt).
Removed top 1 bits (of 2) from port B of cell aegis_noc.$flatten\u_core.\g_in[4].u_fifo.$procmux$774_CMP0 ($eq).
Removed top 1 bits (of 2) from port B of cell aegis_noc.$flatten\u_core.\g_in[3].u_route.$lt$rtl/xy_route.sv:23$23 ($lt).
Removed top 1 bits (of 2) from port B of cell aegis_noc.$flatten\u_core.\g_in[3].u_route.$gt$rtl/xy_route.sv:24$24 ($gt).
Removed top 1 bits (of 2) from port B of cell aegis_noc.$flatten\u_core.\g_in[3].u_route.$lt$rtl/xy_route.sv:25$25 ($lt).
Removed top 1 bits (of 2) from port B of cell aegis_noc.$flatten\u_core.\g_in[3].u_fifo.$procmux$774_CMP0 ($eq).
Removed top 1 bits (of 2) from port B of cell aegis_noc.$flatten\u_core.\g_in[2].u_route.$lt$rtl/xy_route.sv:23$23 ($lt).
Removed top 1 bits (of 2) from port B of cell aegis_noc.$flatten\u_core.\g_in[2].u_route.$gt$rtl/xy_route.sv:24$24 ($gt).
Removed top 1 bits (of 2) from port B of cell aegis_noc.$flatten\u_core.\g_in[2].u_route.$lt$rtl/xy_route.sv:25$25 ($lt).
Removed top 1 bits (of 2) from port B of cell aegis_noc.$flatten\u_core.\g_in[2].u_fifo.$procmux$774_CMP0 ($eq).
Removed top 1 bits (of 2) from port B of cell aegis_noc.$flatten\u_core.\g_in[1].u_route.$lt$rtl/xy_route.sv:23$23 ($lt).
Removed top 1 bits (of 2) from port B of cell aegis_noc.$flatten\u_core.\g_in[1].u_route.$gt$rtl/xy_route.sv:24$24 ($gt).
Removed top 1 bits (of 2) from port B of cell aegis_noc.$flatten\u_core.\g_in[1].u_route.$lt$rtl/xy_route.sv:25$25 ($lt).
Removed top 1 bits (of 2) from port B of cell aegis_noc.$flatten\u_core.\g_in[1].u_fifo.$procmux$774_CMP0 ($eq).
Removed top 1 bits (of 2) from port B of cell aegis_noc.$flatten\u_core.\g_in[0].u_route.$lt$rtl/xy_route.sv:23$23 ($lt).
Removed top 1 bits (of 2) from port B of cell aegis_noc.$flatten\u_core.\g_in[0].u_route.$gt$rtl/xy_route.sv:24$24 ($gt).
Removed top 1 bits (of 2) from port B of cell aegis_noc.$flatten\u_core.\g_in[0].u_route.$lt$rtl/xy_route.sv:25$25 ($lt).
Removed top 1 bits (of 2) from port B of cell aegis_noc.$flatten\u_core.\g_in[0].u_fifo.$procmux$774_CMP0 ($eq).
Removed top 1 bits (of 2) from port B of cell aegis_noc.$flatten\u_core.\g_in[4].u_route.$gt$rtl/xy_route.sv:22$22 ($gt).
Removed top 1 bits (of 2) from port B of cell aegis_noc.$flatten\u_core.\g_in[3].u_route.$gt$rtl/xy_route.sv:22$22 ($gt).
Removed top 1 bits (of 2) from port B of cell aegis_noc.$flatten\u_core.\g_in[2].u_route.$gt$rtl/xy_route.sv:22$22 ($gt).
Removed top 1 bits (of 2) from port B of cell aegis_noc.$flatten\u_core.\g_in[1].u_route.$gt$rtl/xy_route.sv:22$22 ($gt).
Removed top 1 bits (of 2) from port B of cell aegis_noc.$flatten\u_core.\g_in[0].u_route.$gt$rtl/xy_route.sv:22$22 ($gt).
Removed top 1 bits (of 3) from port B of cell aegis_noc.$flatten\u_core.$eq$rtl/router_core.sv:86$595 ($eq).
Removed top 1 bits (of 3) from port B of cell aegis_noc.$flatten\u_core.$eq$rtl/router_core.sv:86$592 ($eq).
Removed top 1 bits (of 3) from port B of cell aegis_noc.$flatten\u_core.$eq$rtl/router_core.sv:86$589 ($eq).
Removed top 1 bits (of 3) from port B of cell aegis_noc.$flatten\u_core.$eq$rtl/router_core.sv:86$586 ($eq).
Removed top 1 bits (of 3) from port B of cell aegis_noc.$flatten\u_core.$eq$rtl/router_core.sv:86$583 ($eq).
Removed top 1 bits (of 3) from port B of cell aegis_noc.$flatten\u_core.$eq$rtl/router_core.sv:86$580 ($eq).
Removed top 1 bits (of 3) from port B of cell aegis_noc.$flatten\u_core.$eq$rtl/router_core.sv:86$577 ($eq).
Removed top 1 bits (of 3) from port B of cell aegis_noc.$flatten\u_core.$eq$rtl/router_core.sv:86$574 ($eq).
Removed top 1 bits (of 3) from port B of cell aegis_noc.$flatten\u_core.$eq$rtl/router_core.sv:86$571 ($eq).
Removed top 1 bits (of 3) from port B of cell aegis_noc.$flatten\u_core.$eq$rtl/router_core.sv:86$568 ($eq).
Removed top 2 bits (of 3) from port B of cell aegis_noc.$flatten\u_core.$eq$rtl/router_core.sv:86$565 ($eq).
Removed top 2 bits (of 3) from port B of cell aegis_noc.$flatten\u_core.$eq$rtl/router_core.sv:86$562 ($eq).
Removed top 2 bits (of 3) from port B of cell aegis_noc.$flatten\u_core.$eq$rtl/router_core.sv:86$559 ($eq).
Removed top 2 bits (of 3) from port B of cell aegis_noc.$flatten\u_core.$eq$rtl/router_core.sv:86$556 ($eq).
Removed top 2 bits (of 3) from port B of cell aegis_noc.$flatten\u_core.$eq$rtl/router_core.sv:86$553 ($eq).
Removed top 1 bits (of 6) from port B of cell aegis_noc.$flatten\g_dec[0].u_dec.$eq$rtl/ecc_secded_decoder.sv:54$383 ($eq).
Removed top 1 bits (of 6) from port B of cell aegis_noc.$flatten\g_dec[0].u_dec.$eq$rtl/ecc_secded_decoder.sv:54$381 ($eq).
Removed top 1 bits (of 6) from port B of cell aegis_noc.$flatten\g_dec[0].u_dec.$eq$rtl/ecc_secded_decoder.sv:54$379 ($eq).
Removed top 1 bits (of 6) from port B of cell aegis_noc.$flatten\g_dec[0].u_dec.$eq$rtl/ecc_secded_decoder.sv:54$377 ($eq).
Removed top 1 bits (of 6) from port B of cell aegis_noc.$flatten\g_dec[0].u_dec.$eq$rtl/ecc_secded_decoder.sv:54$375 ($eq).
Removed top 1 bits (of 6) from port B of cell aegis_noc.$flatten\g_dec[0].u_dec.$eq$rtl/ecc_secded_decoder.sv:54$373 ($eq).
Removed top 1 bits (of 6) from port B of cell aegis_noc.$flatten\g_dec[0].u_dec.$eq$rtl/ecc_secded_decoder.sv:54$371 ($eq).
Removed top 1 bits (of 6) from port B of cell aegis_noc.$flatten\g_dec[0].u_dec.$eq$rtl/ecc_secded_decoder.sv:54$369 ($eq).
Removed top 1 bits (of 6) from port B of cell aegis_noc.$flatten\g_dec[0].u_dec.$eq$rtl/ecc_secded_decoder.sv:54$367 ($eq).
Removed top 1 bits (of 6) from port B of cell aegis_noc.$flatten\g_dec[0].u_dec.$eq$rtl/ecc_secded_decoder.sv:54$365 ($eq).
Removed top 1 bits (of 6) from port B of cell aegis_noc.$flatten\g_dec[0].u_dec.$eq$rtl/ecc_secded_decoder.sv:54$363 ($eq).
Removed top 1 bits (of 6) from port B of cell aegis_noc.$flatten\g_dec[0].u_dec.$eq$rtl/ecc_secded_decoder.sv:54$361 ($eq).
Removed top 1 bits (of 6) from port B of cell aegis_noc.$flatten\g_dec[0].u_dec.$eq$rtl/ecc_secded_decoder.sv:54$359 ($eq).
Removed top 1 bits (of 6) from port B of cell aegis_noc.$flatten\g_dec[0].u_dec.$eq$rtl/ecc_secded_decoder.sv:54$357 ($eq).
Removed top 1 bits (of 6) from port B of cell aegis_noc.$flatten\g_dec[0].u_dec.$eq$rtl/ecc_secded_decoder.sv:54$355 ($eq).
Removed top 2 bits (of 6) from port B of cell aegis_noc.$flatten\g_dec[0].u_dec.$eq$rtl/ecc_secded_decoder.sv:54$353 ($eq).
Removed top 2 bits (of 6) from port B of cell aegis_noc.$flatten\g_dec[0].u_dec.$eq$rtl/ecc_secded_decoder.sv:54$351 ($eq).
Removed top 2 bits (of 6) from port B of cell aegis_noc.$flatten\g_dec[0].u_dec.$eq$rtl/ecc_secded_decoder.sv:54$349 ($eq).
Removed top 2 bits (of 6) from port B of cell aegis_noc.$flatten\g_dec[0].u_dec.$eq$rtl/ecc_secded_decoder.sv:54$347 ($eq).
Removed top 2 bits (of 6) from port B of cell aegis_noc.$flatten\g_dec[0].u_dec.$eq$rtl/ecc_secded_decoder.sv:54$345 ($eq).
Removed top 2 bits (of 6) from port B of cell aegis_noc.$flatten\g_dec[0].u_dec.$eq$rtl/ecc_secded_decoder.sv:54$343 ($eq).
Removed top 2 bits (of 6) from port B of cell aegis_noc.$flatten\g_dec[0].u_dec.$eq$rtl/ecc_secded_decoder.sv:54$341 ($eq).
Removed top 3 bits (of 6) from port B of cell aegis_noc.$flatten\g_dec[0].u_dec.$eq$rtl/ecc_secded_decoder.sv:54$339 ($eq).
Removed top 3 bits (of 6) from port B of cell aegis_noc.$flatten\g_dec[0].u_dec.$eq$rtl/ecc_secded_decoder.sv:54$337 ($eq).
Removed top 3 bits (of 6) from port B of cell aegis_noc.$flatten\g_dec[0].u_dec.$eq$rtl/ecc_secded_decoder.sv:54$335 ($eq).
Removed top 4 bits (of 6) from port B of cell aegis_noc.$flatten\g_dec[0].u_dec.$eq$rtl/ecc_secded_decoder.sv:54$333 ($eq).
Removed top 1 bits (of 6) from port B of cell aegis_noc.$flatten\g_dec[1].u_dec.$eq$rtl/ecc_secded_decoder.sv:54$383 ($eq).
Removed top 1 bits (of 6) from port B of cell aegis_noc.$flatten\g_dec[1].u_dec.$eq$rtl/ecc_secded_decoder.sv:54$381 ($eq).
Removed top 1 bits (of 6) from port B of cell aegis_noc.$flatten\g_dec[1].u_dec.$eq$rtl/ecc_secded_decoder.sv:54$379 ($eq).
Removed top 1 bits (of 6) from port B of cell aegis_noc.$flatten\g_dec[1].u_dec.$eq$rtl/ecc_secded_decoder.sv:54$377 ($eq).
Removed top 1 bits (of 6) from port B of cell aegis_noc.$flatten\g_dec[1].u_dec.$eq$rtl/ecc_secded_decoder.sv:54$375 ($eq).
Removed top 1 bits (of 6) from port B of cell aegis_noc.$flatten\g_dec[1].u_dec.$eq$rtl/ecc_secded_decoder.sv:54$373 ($eq).
Removed top 1 bits (of 6) from port B of cell aegis_noc.$flatten\g_dec[1].u_dec.$eq$rtl/ecc_secded_decoder.sv:54$371 ($eq).
Removed top 1 bits (of 6) from port B of cell aegis_noc.$flatten\g_dec[1].u_dec.$eq$rtl/ecc_secded_decoder.sv:54$369 ($eq).
Removed top 1 bits (of 6) from port B of cell aegis_noc.$flatten\g_dec[1].u_dec.$eq$rtl/ecc_secded_decoder.sv:54$367 ($eq).
Removed top 1 bits (of 6) from port B of cell aegis_noc.$flatten\g_dec[1].u_dec.$eq$rtl/ecc_secded_decoder.sv:54$365 ($eq).
Removed top 1 bits (of 6) from port B of cell aegis_noc.$flatten\g_dec[1].u_dec.$eq$rtl/ecc_secded_decoder.sv:54$363 ($eq).
Removed top 1 bits (of 6) from port B of cell aegis_noc.$flatten\g_dec[1].u_dec.$eq$rtl/ecc_secded_decoder.sv:54$361 ($eq).
Removed top 1 bits (of 6) from port B of cell aegis_noc.$flatten\g_dec[1].u_dec.$eq$rtl/ecc_secded_decoder.sv:54$359 ($eq).
Removed top 1 bits (of 6) from port B of cell aegis_noc.$flatten\g_dec[1].u_dec.$eq$rtl/ecc_secded_decoder.sv:54$357 ($eq).
Removed top 1 bits (of 6) from port B of cell aegis_noc.$flatten\g_dec[1].u_dec.$eq$rtl/ecc_secded_decoder.sv:54$355 ($eq).
Removed top 2 bits (of 6) from port B of cell aegis_noc.$flatten\g_dec[1].u_dec.$eq$rtl/ecc_secded_decoder.sv:54$353 ($eq).
Removed top 2 bits (of 6) from port B of cell aegis_noc.$flatten\g_dec[1].u_dec.$eq$rtl/ecc_secded_decoder.sv:54$351 ($eq).
Removed top 2 bits (of 6) from port B of cell aegis_noc.$flatten\g_dec[1].u_dec.$eq$rtl/ecc_secded_decoder.sv:54$349 ($eq).
Removed top 2 bits (of 6) from port B of cell aegis_noc.$flatten\g_dec[1].u_dec.$eq$rtl/ecc_secded_decoder.sv:54$347 ($eq).
Removed top 2 bits (of 6) from port B of cell aegis_noc.$flatten\g_dec[1].u_dec.$eq$rtl/ecc_secded_decoder.sv:54$345 ($eq).
Removed top 2 bits (of 6) from port B of cell aegis_noc.$flatten\g_dec[1].u_dec.$eq$rtl/ecc_secded_decoder.sv:54$343 ($eq).
Removed top 2 bits (of 6) from port B of cell aegis_noc.$flatten\g_dec[1].u_dec.$eq$rtl/ecc_secded_decoder.sv:54$341 ($eq).
Removed top 3 bits (of 6) from port B of cell aegis_noc.$flatten\g_dec[1].u_dec.$eq$rtl/ecc_secded_decoder.sv:54$339 ($eq).
Removed top 3 bits (of 6) from port B of cell aegis_noc.$flatten\g_dec[1].u_dec.$eq$rtl/ecc_secded_decoder.sv:54$337 ($eq).
Removed top 3 bits (of 6) from port B of cell aegis_noc.$flatten\g_dec[1].u_dec.$eq$rtl/ecc_secded_decoder.sv:54$335 ($eq).
Removed top 4 bits (of 6) from port B of cell aegis_noc.$flatten\g_dec[1].u_dec.$eq$rtl/ecc_secded_decoder.sv:54$333 ($eq).
Removed top 1 bits (of 6) from port B of cell aegis_noc.$flatten\g_dec[2].u_dec.$eq$rtl/ecc_secded_decoder.sv:54$383 ($eq).
Removed top 1 bits (of 6) from port B of cell aegis_noc.$flatten\g_dec[2].u_dec.$eq$rtl/ecc_secded_decoder.sv:54$381 ($eq).
Removed top 1 bits (of 6) from port B of cell aegis_noc.$flatten\g_dec[2].u_dec.$eq$rtl/ecc_secded_decoder.sv:54$379 ($eq).
Removed top 1 bits (of 6) from port B of cell aegis_noc.$flatten\g_dec[2].u_dec.$eq$rtl/ecc_secded_decoder.sv:54$377 ($eq).
Removed top 1 bits (of 6) from port B of cell aegis_noc.$flatten\g_dec[2].u_dec.$eq$rtl/ecc_secded_decoder.sv:54$375 ($eq).
Removed top 1 bits (of 6) from port B of cell aegis_noc.$flatten\g_dec[2].u_dec.$eq$rtl/ecc_secded_decoder.sv:54$373 ($eq).
Removed top 1 bits (of 6) from port B of cell aegis_noc.$flatten\g_dec[2].u_dec.$eq$rtl/ecc_secded_decoder.sv:54$371 ($eq).
Removed top 1 bits (of 6) from port B of cell aegis_noc.$flatten\g_dec[2].u_dec.$eq$rtl/ecc_secded_decoder.sv:54$369 ($eq).
Removed top 1 bits (of 6) from port B of cell aegis_noc.$flatten\g_dec[2].u_dec.$eq$rtl/ecc_secded_decoder.sv:54$367 ($eq).
Removed top 1 bits (of 6) from port B of cell aegis_noc.$flatten\g_dec[2].u_dec.$eq$rtl/ecc_secded_decoder.sv:54$365 ($eq).
Removed top 1 bits (of 6) from port B of cell aegis_noc.$flatten\g_dec[2].u_dec.$eq$rtl/ecc_secded_decoder.sv:54$363 ($eq).
Removed top 1 bits (of 6) from port B of cell aegis_noc.$flatten\g_dec[2].u_dec.$eq$rtl/ecc_secded_decoder.sv:54$361 ($eq).
Removed top 1 bits (of 6) from port B of cell aegis_noc.$flatten\g_dec[2].u_dec.$eq$rtl/ecc_secded_decoder.sv:54$359 ($eq).
Removed top 1 bits (of 6) from port B of cell aegis_noc.$flatten\g_dec[2].u_dec.$eq$rtl/ecc_secded_decoder.sv:54$357 ($eq).
Removed top 1 bits (of 6) from port B of cell aegis_noc.$flatten\g_dec[2].u_dec.$eq$rtl/ecc_secded_decoder.sv:54$355 ($eq).
Removed top 2 bits (of 6) from port B of cell aegis_noc.$flatten\g_dec[2].u_dec.$eq$rtl/ecc_secded_decoder.sv:54$353 ($eq).
Removed top 2 bits (of 6) from port B of cell aegis_noc.$flatten\g_dec[2].u_dec.$eq$rtl/ecc_secded_decoder.sv:54$351 ($eq).
Removed top 2 bits (of 6) from port B of cell aegis_noc.$flatten\g_dec[2].u_dec.$eq$rtl/ecc_secded_decoder.sv:54$349 ($eq).
Removed top 2 bits (of 6) from port B of cell aegis_noc.$flatten\g_dec[2].u_dec.$eq$rtl/ecc_secded_decoder.sv:54$347 ($eq).
Removed top 2 bits (of 6) from port B of cell aegis_noc.$flatten\g_dec[2].u_dec.$eq$rtl/ecc_secded_decoder.sv:54$345 ($eq).
Removed top 2 bits (of 6) from port B of cell aegis_noc.$flatten\g_dec[2].u_dec.$eq$rtl/ecc_secded_decoder.sv:54$343 ($eq).
Removed top 2 bits (of 6) from port B of cell aegis_noc.$flatten\g_dec[2].u_dec.$eq$rtl/ecc_secded_decoder.sv:54$341 ($eq).
Removed top 3 bits (of 6) from port B of cell aegis_noc.$flatten\g_dec[2].u_dec.$eq$rtl/ecc_secded_decoder.sv:54$339 ($eq).
Removed top 3 bits (of 6) from port B of cell aegis_noc.$flatten\g_dec[2].u_dec.$eq$rtl/ecc_secded_decoder.sv:54$337 ($eq).
Removed top 3 bits (of 6) from port B of cell aegis_noc.$flatten\g_dec[2].u_dec.$eq$rtl/ecc_secded_decoder.sv:54$335 ($eq).
Removed top 4 bits (of 6) from port B of cell aegis_noc.$flatten\g_dec[2].u_dec.$eq$rtl/ecc_secded_decoder.sv:54$333 ($eq).
Removed top 1 bits (of 6) from port B of cell aegis_noc.$flatten\g_dec[3].u_dec.$eq$rtl/ecc_secded_decoder.sv:54$383 ($eq).
Removed top 1 bits (of 6) from port B of cell aegis_noc.$flatten\g_dec[3].u_dec.$eq$rtl/ecc_secded_decoder.sv:54$381 ($eq).
Removed top 1 bits (of 6) from port B of cell aegis_noc.$flatten\g_dec[3].u_dec.$eq$rtl/ecc_secded_decoder.sv:54$379 ($eq).
Removed top 1 bits (of 6) from port B of cell aegis_noc.$flatten\g_dec[3].u_dec.$eq$rtl/ecc_secded_decoder.sv:54$377 ($eq).
Removed top 1 bits (of 6) from port B of cell aegis_noc.$flatten\g_dec[3].u_dec.$eq$rtl/ecc_secded_decoder.sv:54$375 ($eq).
Removed top 1 bits (of 6) from port B of cell aegis_noc.$flatten\g_dec[3].u_dec.$eq$rtl/ecc_secded_decoder.sv:54$373 ($eq).
Removed top 1 bits (of 6) from port B of cell aegis_noc.$flatten\g_dec[3].u_dec.$eq$rtl/ecc_secded_decoder.sv:54$371 ($eq).
Removed top 1 bits (of 6) from port B of cell aegis_noc.$flatten\g_dec[3].u_dec.$eq$rtl/ecc_secded_decoder.sv:54$369 ($eq).
Removed top 1 bits (of 6) from port B of cell aegis_noc.$flatten\g_dec[3].u_dec.$eq$rtl/ecc_secded_decoder.sv:54$367 ($eq).
Removed top 1 bits (of 6) from port B of cell aegis_noc.$flatten\g_dec[3].u_dec.$eq$rtl/ecc_secded_decoder.sv:54$365 ($eq).
Removed top 1 bits (of 6) from port B of cell aegis_noc.$flatten\g_dec[3].u_dec.$eq$rtl/ecc_secded_decoder.sv:54$363 ($eq).
Removed top 1 bits (of 6) from port B of cell aegis_noc.$flatten\g_dec[3].u_dec.$eq$rtl/ecc_secded_decoder.sv:54$361 ($eq).
Removed top 1 bits (of 6) from port B of cell aegis_noc.$flatten\g_dec[3].u_dec.$eq$rtl/ecc_secded_decoder.sv:54$359 ($eq).
Removed top 1 bits (of 6) from port B of cell aegis_noc.$flatten\g_dec[3].u_dec.$eq$rtl/ecc_secded_decoder.sv:54$357 ($eq).
Removed top 1 bits (of 6) from port B of cell aegis_noc.$flatten\g_dec[3].u_dec.$eq$rtl/ecc_secded_decoder.sv:54$355 ($eq).
Removed top 2 bits (of 6) from port B of cell aegis_noc.$flatten\g_dec[3].u_dec.$eq$rtl/ecc_secded_decoder.sv:54$353 ($eq).
Removed top 2 bits (of 6) from port B of cell aegis_noc.$flatten\g_dec[3].u_dec.$eq$rtl/ecc_secded_decoder.sv:54$351 ($eq).
Removed top 2 bits (of 6) from port B of cell aegis_noc.$flatten\g_dec[3].u_dec.$eq$rtl/ecc_secded_decoder.sv:54$349 ($eq).
Removed top 2 bits (of 6) from port B of cell aegis_noc.$flatten\g_dec[3].u_dec.$eq$rtl/ecc_secded_decoder.sv:54$347 ($eq).
Removed top 2 bits (of 6) from port B of cell aegis_noc.$flatten\g_dec[3].u_dec.$eq$rtl/ecc_secded_decoder.sv:54$345 ($eq).
Removed top 2 bits (of 6) from port B of cell aegis_noc.$flatten\g_dec[3].u_dec.$eq$rtl/ecc_secded_decoder.sv:54$343 ($eq).
Removed top 2 bits (of 6) from port B of cell aegis_noc.$flatten\g_dec[3].u_dec.$eq$rtl/ecc_secded_decoder.sv:54$341 ($eq).
Removed top 3 bits (of 6) from port B of cell aegis_noc.$flatten\g_dec[3].u_dec.$eq$rtl/ecc_secded_decoder.sv:54$339 ($eq).
Removed top 3 bits (of 6) from port B of cell aegis_noc.$flatten\g_dec[3].u_dec.$eq$rtl/ecc_secded_decoder.sv:54$337 ($eq).
Removed top 3 bits (of 6) from port B of cell aegis_noc.$flatten\g_dec[3].u_dec.$eq$rtl/ecc_secded_decoder.sv:54$335 ($eq).
Removed top 4 bits (of 6) from port B of cell aegis_noc.$flatten\g_dec[3].u_dec.$eq$rtl/ecc_secded_decoder.sv:54$333 ($eq).
Removed top 1 bits (of 6) from port B of cell aegis_noc.$flatten\g_dec[4].u_dec.$eq$rtl/ecc_secded_decoder.sv:54$383 ($eq).
Removed top 1 bits (of 6) from port B of cell aegis_noc.$flatten\g_dec[4].u_dec.$eq$rtl/ecc_secded_decoder.sv:54$381 ($eq).
Removed top 1 bits (of 6) from port B of cell aegis_noc.$flatten\g_dec[4].u_dec.$eq$rtl/ecc_secded_decoder.sv:54$379 ($eq).
Removed top 1 bits (of 6) from port B of cell aegis_noc.$flatten\g_dec[4].u_dec.$eq$rtl/ecc_secded_decoder.sv:54$377 ($eq).
Removed top 1 bits (of 6) from port B of cell aegis_noc.$flatten\g_dec[4].u_dec.$eq$rtl/ecc_secded_decoder.sv:54$375 ($eq).
Removed top 1 bits (of 6) from port B of cell aegis_noc.$flatten\g_dec[4].u_dec.$eq$rtl/ecc_secded_decoder.sv:54$373 ($eq).
Removed top 1 bits (of 6) from port B of cell aegis_noc.$flatten\g_dec[4].u_dec.$eq$rtl/ecc_secded_decoder.sv:54$371 ($eq).
Removed top 1 bits (of 6) from port B of cell aegis_noc.$flatten\g_dec[4].u_dec.$eq$rtl/ecc_secded_decoder.sv:54$369 ($eq).
Removed top 1 bits (of 6) from port B of cell aegis_noc.$flatten\g_dec[4].u_dec.$eq$rtl/ecc_secded_decoder.sv:54$367 ($eq).
Removed top 1 bits (of 6) from port B of cell aegis_noc.$flatten\g_dec[4].u_dec.$eq$rtl/ecc_secded_decoder.sv:54$365 ($eq).
Removed top 1 bits (of 6) from port B of cell aegis_noc.$flatten\g_dec[4].u_dec.$eq$rtl/ecc_secded_decoder.sv:54$363 ($eq).
Removed top 1 bits (of 6) from port B of cell aegis_noc.$flatten\g_dec[4].u_dec.$eq$rtl/ecc_secded_decoder.sv:54$361 ($eq).
Removed top 1 bits (of 6) from port B of cell aegis_noc.$flatten\g_dec[4].u_dec.$eq$rtl/ecc_secded_decoder.sv:54$359 ($eq).
Removed top 1 bits (of 6) from port B of cell aegis_noc.$flatten\g_dec[4].u_dec.$eq$rtl/ecc_secded_decoder.sv:54$357 ($eq).
Removed top 1 bits (of 6) from port B of cell aegis_noc.$flatten\g_dec[4].u_dec.$eq$rtl/ecc_secded_decoder.sv:54$355 ($eq).
Removed top 2 bits (of 6) from port B of cell aegis_noc.$flatten\g_dec[4].u_dec.$eq$rtl/ecc_secded_decoder.sv:54$353 ($eq).
Removed top 2 bits (of 6) from port B of cell aegis_noc.$flatten\g_dec[4].u_dec.$eq$rtl/ecc_secded_decoder.sv:54$351 ($eq).
Removed top 2 bits (of 6) from port B of cell aegis_noc.$flatten\g_dec[4].u_dec.$eq$rtl/ecc_secded_decoder.sv:54$349 ($eq).
Removed top 2 bits (of 6) from port B of cell aegis_noc.$flatten\g_dec[4].u_dec.$eq$rtl/ecc_secded_decoder.sv:54$347 ($eq).
Removed top 2 bits (of 6) from port B of cell aegis_noc.$flatten\g_dec[4].u_dec.$eq$rtl/ecc_secded_decoder.sv:54$345 ($eq).
Removed top 2 bits (of 6) from port B of cell aegis_noc.$flatten\g_dec[4].u_dec.$eq$rtl/ecc_secded_decoder.sv:54$343 ($eq).
Removed top 2 bits (of 6) from port B of cell aegis_noc.$flatten\g_dec[4].u_dec.$eq$rtl/ecc_secded_decoder.sv:54$341 ($eq).
Removed top 3 bits (of 6) from port B of cell aegis_noc.$flatten\g_dec[4].u_dec.$eq$rtl/ecc_secded_decoder.sv:54$339 ($eq).
Removed top 3 bits (of 6) from port B of cell aegis_noc.$flatten\g_dec[4].u_dec.$eq$rtl/ecc_secded_decoder.sv:54$337 ($eq).
Removed top 3 bits (of 6) from port B of cell aegis_noc.$flatten\g_dec[4].u_dec.$eq$rtl/ecc_secded_decoder.sv:54$335 ($eq).
Removed top 4 bits (of 6) from port B of cell aegis_noc.$flatten\g_dec[4].u_dec.$eq$rtl/ecc_secded_decoder.sv:54$333 ($eq).
Removed top 1 bits (of 3) from wire aegis_noc.$add$rtl/aegis_noc.sv:126$410_Y.
Removed top 1 bits (of 3) from wire aegis_noc.$add$rtl/aegis_noc.sv:125$409_Y.

13.12. Executing PEEPOPT pass (run peephole optimizers).

13.13. Executing OPT_CLEAN pass (remove unused cells and wires).
Finding unused cells or wires in module \aegis_noc..
Removed 0 unused cells and 2 unused wires.
<suppressed ~1 debug messages>

13.14. Executing ALUMACC pass (create $alu and $macc cells).
Extracting $alu and $macc cells in module aegis_noc:
  creating $macc model for $flatten\u_core.\g_in[0].u_fifo.$sub$rtl/sync_fifo.sv:65$471 ($sub).
  creating $macc model for $flatten\u_core.\g_in[0].u_fifo.$add$rtl/sync_fifo.sv:64$470 ($add).
  creating $macc model for $flatten\u_core.\g_in[0].u_fifo.$add$rtl/sync_fifo.sv:62$469 ($add).
  creating $macc model for $flatten\u_core.\g_in[0].u_fifo.$add$rtl/sync_fifo.sv:61$468 ($add).
  creating $macc model for $flatten\u_core.\g_in[1].u_fifo.$sub$rtl/sync_fifo.sv:65$471 ($sub).
  creating $macc model for $flatten\u_core.\g_in[1].u_fifo.$add$rtl/sync_fifo.sv:64$470 ($add).
  creating $macc model for $flatten\u_core.\g_in[1].u_fifo.$add$rtl/sync_fifo.sv:62$469 ($add).
  creating $macc model for $flatten\u_core.\g_in[1].u_fifo.$add$rtl/sync_fifo.sv:61$468 ($add).
  creating $macc model for $flatten\u_core.\g_in[2].u_fifo.$sub$rtl/sync_fifo.sv:65$471 ($sub).
  creating $macc model for $flatten\u_core.\g_in[2].u_fifo.$add$rtl/sync_fifo.sv:64$470 ($add).
  creating $macc model for $flatten\u_core.\g_in[2].u_fifo.$add$rtl/sync_fifo.sv:62$469 ($add).
  creating $macc model for $flatten\u_core.\g_in[2].u_fifo.$add$rtl/sync_fifo.sv:61$468 ($add).
  creating $macc model for $flatten\u_core.\g_in[3].u_fifo.$sub$rtl/sync_fifo.sv:65$471 ($sub).
  creating $macc model for $flatten\u_core.\g_in[3].u_fifo.$add$rtl/sync_fifo.sv:64$470 ($add).
  creating $macc model for $flatten\u_core.\g_in[3].u_fifo.$add$rtl/sync_fifo.sv:62$469 ($add).
  creating $macc model for $flatten\u_core.\g_in[3].u_fifo.$add$rtl/sync_fifo.sv:61$468 ($add).
  creating $macc model for $flatten\u_core.\g_in[4].u_fifo.$sub$rtl/sync_fifo.sv:65$471 ($sub).
  creating $macc model for $flatten\u_core.\g_in[4].u_fifo.$add$rtl/sync_fifo.sv:64$470 ($add).
  creating $macc model for $flatten\u_core.\g_in[4].u_fifo.$add$rtl/sync_fifo.sv:62$469 ($add).
  creating $macc model for $flatten\u_core.\g_in[4].u_fifo.$add$rtl/sync_fifo.sv:61$468 ($add).
  creating $macc model for $flatten\u_core.\g_arb[0].u_arb.$sub$rtl/rr_arbiter.sv:43$443 ($sub).
  creating $macc model for $flatten\u_core.\g_arb[0].u_arb.$sub$rtl/rr_arbiter.sv:42$440 ($sub).
  creating $macc model for $flatten\u_core.\g_arb[1].u_arb.$sub$rtl/rr_arbiter.sv:43$443 ($sub).
  creating $macc model for $flatten\u_core.\g_arb[1].u_arb.$sub$rtl/rr_arbiter.sv:42$440 ($sub).
  creating $macc model for $flatten\u_core.\g_arb[2].u_arb.$sub$rtl/rr_arbiter.sv:43$443 ($sub).
  creating $macc model for $flatten\u_core.\g_arb[2].u_arb.$sub$rtl/rr_arbiter.sv:42$440 ($sub).
  creating $macc model for $flatten\u_core.\g_arb[3].u_arb.$sub$rtl/rr_arbiter.sv:43$443 ($sub).
  creating $macc model for $flatten\u_core.\g_arb[3].u_arb.$sub$rtl/rr_arbiter.sv:42$440 ($sub).
  creating $macc model for $flatten\u_core.\g_arb[4].u_arb.$sub$rtl/rr_arbiter.sv:43$443 ($sub).
  creating $macc model for $flatten\u_core.\g_arb[4].u_arb.$sub$rtl/rr_arbiter.sv:42$440 ($sub).
  creating $macc model for $add$rtl/aegis_noc.sv:136$419 ($add).
  creating $macc model for $add$rtl/aegis_noc.sv:135$418 ($add).
  creating $macc model for $add$rtl/aegis_noc.sv:126$416 ($add).
  creating $macc model for $add$rtl/aegis_noc.sv:125$415 ($add).
  creating $macc model for $add$rtl/aegis_noc.sv:126$414 ($add).
  creating $macc model for $add$rtl/aegis_noc.sv:125$413 ($add).
  creating $macc model for $add$rtl/aegis_noc.sv:126$412 ($add).
  creating $macc model for $add$rtl/aegis_noc.sv:125$411 ($add).
  creating $macc model for $add$rtl/aegis_noc.sv:126$410 ($add).
  creating $macc model for $add$rtl/aegis_noc.sv:125$409 ($add).
  merging $macc model for $add$rtl/aegis_noc.sv:125$409 into $add$rtl/aegis_noc.sv:125$411.
  merging $macc model for $add$rtl/aegis_noc.sv:126$410 into $add$rtl/aegis_noc.sv:126$412.
  merging $macc model for $add$rtl/aegis_noc.sv:125$411 into $add$rtl/aegis_noc.sv:125$413.
  merging $macc model for $add$rtl/aegis_noc.sv:126$412 into $add$rtl/aegis_noc.sv:126$414.
  merging $macc model for $add$rtl/aegis_noc.sv:125$413 into $add$rtl/aegis_noc.sv:125$415.
  merging $macc model for $add$rtl/aegis_noc.sv:126$414 into $add$rtl/aegis_noc.sv:126$416.
  merging $macc model for $add$rtl/aegis_noc.sv:125$415 into $add$rtl/aegis_noc.sv:135$418.
  merging $macc model for $add$rtl/aegis_noc.sv:126$416 into $add$rtl/aegis_noc.sv:136$419.
  creating $alu model for $macc $flatten\u_core.\g_arb[4].u_arb.$sub$rtl/rr_arbiter.sv:42$440.
  creating $alu model for $macc $flatten\u_core.\g_arb[4].u_arb.$sub$rtl/rr_arbiter.sv:43$443.
  creating $alu model for $macc $flatten\u_core.\g_arb[3].u_arb.$sub$rtl/rr_arbiter.sv:42$440.
  creating $alu model for $macc $flatten\u_core.\g_arb[3].u_arb.$sub$rtl/rr_arbiter.sv:43$443.
  creating $alu model for $macc $flatten\u_core.\g_arb[2].u_arb.$sub$rtl/rr_arbiter.sv:42$440.
  creating $alu model for $macc $flatten\u_core.\g_arb[2].u_arb.$sub$rtl/rr_arbiter.sv:43$443.
  creating $alu model for $macc $flatten\u_core.\g_arb[1].u_arb.$sub$rtl/rr_arbiter.sv:42$440.
  creating $alu model for $macc $flatten\u_core.\g_arb[1].u_arb.$sub$rtl/rr_arbiter.sv:43$443.
  creating $alu model for $macc $flatten\u_core.\g_arb[0].u_arb.$sub$rtl/rr_arbiter.sv:42$440.
  creating $alu model for $macc $flatten\u_core.\g_arb[0].u_arb.$sub$rtl/rr_arbiter.sv:43$443.
  creating $alu model for $macc $flatten\u_core.\g_in[4].u_fifo.$add$rtl/sync_fifo.sv:61$468.
  creating $alu model for $macc $flatten\u_core.\g_in[4].u_fifo.$add$rtl/sync_fifo.sv:62$469.
  creating $alu model for $macc $flatten\u_core.\g_in[4].u_fifo.$add$rtl/sync_fifo.sv:64$470.
  creating $alu model for $macc $flatten\u_core.\g_in[4].u_fifo.$sub$rtl/sync_fifo.sv:65$471.
  creating $alu model for $macc $flatten\u_core.\g_in[3].u_fifo.$add$rtl/sync_fifo.sv:61$468.
  creating $alu model for $macc $flatten\u_core.\g_in[3].u_fifo.$add$rtl/sync_fifo.sv:62$469.
  creating $alu model for $macc $flatten\u_core.\g_in[3].u_fifo.$add$rtl/sync_fifo.sv:64$470.
  creating $alu model for $macc $flatten\u_core.\g_in[3].u_fifo.$sub$rtl/sync_fifo.sv:65$471.
  creating $alu model for $macc $flatten\u_core.\g_in[2].u_fifo.$add$rtl/sync_fifo.sv:61$468.
  creating $alu model for $macc $flatten\u_core.\g_in[2].u_fifo.$add$rtl/sync_fifo.sv:62$469.
  creating $alu model for $macc $flatten\u_core.\g_in[2].u_fifo.$add$rtl/sync_fifo.sv:64$470.
  creating $alu model for $macc $flatten\u_core.\g_in[2].u_fifo.$sub$rtl/sync_fifo.sv:65$471.
  creating $alu model for $macc $flatten\u_core.\g_in[1].u_fifo.$add$rtl/sync_fifo.sv:61$468.
  creating $alu model for $macc $flatten\u_core.\g_in[1].u_fifo.$add$rtl/sync_fifo.sv:62$469.
  creating $alu model for $macc $flatten\u_core.\g_in[1].u_fifo.$add$rtl/sync_fifo.sv:64$470.
  creating $alu model for $macc $flatten\u_core.\g_in[1].u_fifo.$sub$rtl/sync_fifo.sv:65$471.
  creating $alu model for $macc $flatten\u_core.\g_in[0].u_fifo.$add$rtl/sync_fifo.sv:61$468.
  creating $alu model for $macc $flatten\u_core.\g_in[0].u_fifo.$add$rtl/sync_fifo.sv:62$469.
  creating $alu model for $macc $flatten\u_core.\g_in[0].u_fifo.$add$rtl/sync_fifo.sv:64$470.
  creating $alu model for $macc $flatten\u_core.\g_in[0].u_fifo.$sub$rtl/sync_fifo.sv:65$471.
  creating $macc cell for $add$rtl/aegis_noc.sv:136$419: $auto$alumacc.cc:399:replace_macc$1318
  creating $macc cell for $add$rtl/aegis_noc.sv:135$418: $auto$alumacc.cc:399:replace_macc$1319
  creating $alu model for $flatten\g_dec[2].u_dec.$le$rtl/ecc_secded_decoder.sv:48$325 ($le): new $alu
  creating $alu model for $flatten\g_dec[1].u_dec.$le$rtl/ecc_secded_decoder.sv:48$325 ($le): new $alu
  creating $alu model for $flatten\g_dec[0].u_dec.$le$rtl/ecc_secded_decoder.sv:48$325 ($le): new $alu
  creating $alu model for $flatten\u_core.\g_in[0].u_route.$gt$rtl/xy_route.sv:22$22 ($gt): new $alu
  creating $alu model for $flatten\u_core.\g_in[1].u_route.$gt$rtl/xy_route.sv:22$22 ($gt): new $alu
  creating $alu model for $flatten\u_core.\g_in[2].u_route.$gt$rtl/xy_route.sv:22$22 ($gt): new $alu
  creating $alu model for $flatten\u_core.\g_in[3].u_route.$gt$rtl/xy_route.sv:22$22 ($gt): new $alu
  creating $alu model for $flatten\u_core.\g_in[4].u_route.$gt$rtl/xy_route.sv:22$22 ($gt): new $alu
  creating $alu model for $flatten\u_core.\g_in[0].u_route.$lt$rtl/xy_route.sv:25$25 ($lt): new $alu
  creating $alu model for $flatten\u_core.\g_in[0].u_route.$gt$rtl/xy_route.sv:24$24 ($gt): merged with $flatten\u_core.\g_in[0].u_route.$lt$rtl/xy_route.sv:25$25.
  creating $alu model for $flatten\u_core.\g_in[0].u_route.$lt$rtl/xy_route.sv:23$23 ($lt): merged with $flatten\u_core.\g_in[0].u_route.$gt$rtl/xy_route.sv:22$22.
  creating $alu model for $flatten\u_core.\g_in[1].u_route.$lt$rtl/xy_route.sv:25$25 ($lt): new $alu
  creating $alu model for $flatten\u_core.\g_in[1].u_route.$gt$rtl/xy_route.sv:24$24 ($gt): merged with $flatten\u_core.\g_in[1].u_route.$lt$rtl/xy_route.sv:25$25.
  creating $alu model for $flatten\u_core.\g_in[1].u_route.$lt$rtl/xy_route.sv:23$23 ($lt): merged with $flatten\u_core.\g_in[1].u_route.$gt$rtl/xy_route.sv:22$22.
  creating $alu model for $flatten\u_core.\g_in[2].u_route.$lt$rtl/xy_route.sv:25$25 ($lt): new $alu
  creating $alu model for $flatten\u_core.\g_in[2].u_route.$gt$rtl/xy_route.sv:24$24 ($gt): merged with $flatten\u_core.\g_in[2].u_route.$lt$rtl/xy_route.sv:25$25.
  creating $alu model for $flatten\u_core.\g_in[2].u_route.$lt$rtl/xy_route.sv:23$23 ($lt): merged with $flatten\u_core.\g_in[2].u_route.$gt$rtl/xy_route.sv:22$22.
  creating $alu model for $flatten\u_core.\g_in[3].u_route.$lt$rtl/xy_route.sv:25$25 ($lt): new $alu
  creating $alu model for $flatten\u_core.\g_in[3].u_route.$gt$rtl/xy_route.sv:24$24 ($gt): merged with $flatten\u_core.\g_in[3].u_route.$lt$rtl/xy_route.sv:25$25.
  creating $alu model for $flatten\u_core.\g_in[3].u_route.$lt$rtl/xy_route.sv:23$23 ($lt): merged with $flatten\u_core.\g_in[3].u_route.$gt$rtl/xy_route.sv:22$22.
  creating $alu model for $flatten\u_core.\g_in[4].u_route.$lt$rtl/xy_route.sv:25$25 ($lt): new $alu
  creating $alu model for $flatten\u_core.\g_in[4].u_route.$gt$rtl/xy_route.sv:24$24 ($gt): merged with $flatten\u_core.\g_in[4].u_route.$lt$rtl/xy_route.sv:25$25.
  creating $alu model for $flatten\u_core.\g_in[4].u_route.$lt$rtl/xy_route.sv:23$23 ($lt): merged with $flatten\u_core.\g_in[4].u_route.$gt$rtl/xy_route.sv:22$22.
  creating $alu model for $flatten\g_dec[3].u_dec.$le$rtl/ecc_secded_decoder.sv:48$325 ($le): new $alu
  creating $alu model for $flatten\g_dec[4].u_dec.$le$rtl/ecc_secded_decoder.sv:48$325 ($le): new $alu
  creating $alu model for $flatten\g_dec[2].u_dec.$eq$rtl/ecc_secded_decoder.sv:54$395 ($eq): merged with $flatten\g_dec[2].u_dec.$le$rtl/ecc_secded_decoder.sv:48$325.
  creating $alu model for $flatten\g_dec[1].u_dec.$eq$rtl/ecc_secded_decoder.sv:54$395 ($eq): merged with $flatten\g_dec[1].u_dec.$le$rtl/ecc_secded_decoder.sv:48$325.
  creating $alu model for $flatten\g_dec[0].u_dec.$eq$rtl/ecc_secded_decoder.sv:54$395 ($eq): merged with $flatten\g_dec[0].u_dec.$le$rtl/ecc_secded_decoder.sv:48$325.
  creating $alu model for $flatten\g_dec[4].u_dec.$eq$rtl/ecc_secded_decoder.sv:54$395 ($eq): merged with $flatten\g_dec[4].u_dec.$le$rtl/ecc_secded_decoder.sv:48$325.
  creating $alu model for $flatten\g_dec[3].u_dec.$eq$rtl/ecc_secded_decoder.sv:54$395 ($eq): merged with $flatten\g_dec[3].u_dec.$le$rtl/ecc_secded_decoder.sv:48$325.
  creating $alu cell for $flatten\g_dec[4].u_dec.$le$rtl/ecc_secded_decoder.sv:48$325, $flatten\g_dec[4].u_dec.$eq$rtl/ecc_secded_decoder.sv:54$395: $auto$alumacc.cc:548:replace_alu$1335
  creating $alu cell for $flatten\g_dec[3].u_dec.$le$rtl/ecc_secded_decoder.sv:48$325, $flatten\g_dec[3].u_dec.$eq$rtl/ecc_secded_decoder.sv:54$395: $auto$alumacc.cc:548:replace_alu$1344
  creating $alu cell for $flatten\u_core.\g_in[4].u_route.$lt$rtl/xy_route.sv:25$25, $flatten\u_core.\g_in[4].u_route.$gt$rtl/xy_route.sv:24$24: $auto$alumacc.cc:548:replace_alu$1353
  creating $alu cell for $flatten\u_core.\g_in[3].u_route.$lt$rtl/xy_route.sv:25$25, $flatten\u_core.\g_in[3].u_route.$gt$rtl/xy_route.sv:24$24: $auto$alumacc.cc:548:replace_alu$1364
  creating $alu cell for $flatten\u_core.\g_in[2].u_route.$lt$rtl/xy_route.sv:25$25, $flatten\u_core.\g_in[2].u_route.$gt$rtl/xy_route.sv:24$24: $auto$alumacc.cc:548:replace_alu$1375
  creating $alu cell for $flatten\u_core.\g_in[1].u_route.$lt$rtl/xy_route.sv:25$25, $flatten\u_core.\g_in[1].u_route.$gt$rtl/xy_route.sv:24$24: $auto$alumacc.cc:548:replace_alu$1386
  creating $alu cell for $flatten\u_core.\g_in[0].u_route.$lt$rtl/xy_route.sv:25$25, $flatten\u_core.\g_in[0].u_route.$gt$rtl/xy_route.sv:24$24: $auto$alumacc.cc:548:replace_alu$1397
  creating $alu cell for $flatten\u_core.\g_in[4].u_route.$gt$rtl/xy_route.sv:22$22, $flatten\u_core.\g_in[4].u_route.$lt$rtl/xy_route.sv:23$23: $auto$alumacc.cc:548:replace_alu$1408
  creating $alu cell for $flatten\u_core.\g_in[3].u_route.$gt$rtl/xy_route.sv:22$22, $flatten\u_core.\g_in[3].u_route.$lt$rtl/xy_route.sv:23$23: $auto$alumacc.cc:548:replace_alu$1419
  creating $alu cell for $flatten\u_core.\g_in[2].u_route.$gt$rtl/xy_route.sv:22$22, $flatten\u_core.\g_in[2].u_route.$lt$rtl/xy_route.sv:23$23: $auto$alumacc.cc:548:replace_alu$1430
  creating $alu cell for $flatten\u_core.\g_in[1].u_route.$gt$rtl/xy_route.sv:22$22, $flatten\u_core.\g_in[1].u_route.$lt$rtl/xy_route.sv:23$23: $auto$alumacc.cc:548:replace_alu$1441
  creating $alu cell for $flatten\u_core.\g_in[0].u_route.$gt$rtl/xy_route.sv:22$22, $flatten\u_core.\g_in[0].u_route.$lt$rtl/xy_route.sv:23$23: $auto$alumacc.cc:548:replace_alu$1452
  creating $alu cell for $flatten\g_dec[0].u_dec.$le$rtl/ecc_secded_decoder.sv:48$325, $flatten\g_dec[0].u_dec.$eq$rtl/ecc_secded_decoder.sv:54$395: $auto$alumacc.cc:548:replace_alu$1463
  creating $alu cell for $flatten\g_dec[1].u_dec.$le$rtl/ecc_secded_decoder.sv:48$325, $flatten\g_dec[1].u_dec.$eq$rtl/ecc_secded_decoder.sv:54$395: $auto$alumacc.cc:548:replace_alu$1472
  creating $alu cell for $flatten\g_dec[2].u_dec.$le$rtl/ecc_secded_decoder.sv:48$325, $flatten\g_dec[2].u_dec.$eq$rtl/ecc_secded_decoder.sv:54$395: $auto$alumacc.cc:548:replace_alu$1481
  creating $alu cell for $flatten\u_core.\g_in[0].u_fifo.$sub$rtl/sync_fifo.sv:65$471: $auto$alumacc.cc:548:replace_alu$1490
  creating $alu cell for $flatten\u_core.\g_in[0].u_fifo.$add$rtl/sync_fifo.sv:64$470: $auto$alumacc.cc:548:replace_alu$1493
  creating $alu cell for $flatten\u_core.\g_in[0].u_fifo.$add$rtl/sync_fifo.sv:62$469: $auto$alumacc.cc:548:replace_alu$1496
  creating $alu cell for $flatten\u_core.\g_in[0].u_fifo.$add$rtl/sync_fifo.sv:61$468: $auto$alumacc.cc:548:replace_alu$1499
  creating $alu cell for $flatten\u_core.\g_in[1].u_fifo.$sub$rtl/sync_fifo.sv:65$471: $auto$alumacc.cc:548:replace_alu$1502
  creating $alu cell for $flatten\u_core.\g_in[1].u_fifo.$add$rtl/sync_fifo.sv:64$470: $auto$alumacc.cc:548:replace_alu$1505
  creating $alu cell for $flatten\u_core.\g_in[1].u_fifo.$add$rtl/sync_fifo.sv:62$469: $auto$alumacc.cc:548:replace_alu$1508
  creating $alu cell for $flatten\u_core.\g_in[1].u_fifo.$add$rtl/sync_fifo.sv:61$468: $auto$alumacc.cc:548:replace_alu$1511
  creating $alu cell for $flatten\u_core.\g_in[2].u_fifo.$sub$rtl/sync_fifo.sv:65$471: $auto$alumacc.cc:548:replace_alu$1514
  creating $alu cell for $flatten\u_core.\g_in[2].u_fifo.$add$rtl/sync_fifo.sv:64$470: $auto$alumacc.cc:548:replace_alu$1517
  creating $alu cell for $flatten\u_core.\g_in[2].u_fifo.$add$rtl/sync_fifo.sv:62$469: $auto$alumacc.cc:548:replace_alu$1520
  creating $alu cell for $flatten\u_core.\g_in[2].u_fifo.$add$rtl/sync_fifo.sv:61$468: $auto$alumacc.cc:548:replace_alu$1523
  creating $alu cell for $flatten\u_core.\g_in[3].u_fifo.$sub$rtl/sync_fifo.sv:65$471: $auto$alumacc.cc:548:replace_alu$1526
  creating $alu cell for $flatten\u_core.\g_in[3].u_fifo.$add$rtl/sync_fifo.sv:64$470: $auto$alumacc.cc:548:replace_alu$1529
  creating $alu cell for $flatten\u_core.\g_in[3].u_fifo.$add$rtl/sync_fifo.sv:62$469: $auto$alumacc.cc:548:replace_alu$1532
  creating $alu cell for $flatten\u_core.\g_in[3].u_fifo.$add$rtl/sync_fifo.sv:61$468: $auto$alumacc.cc:548:replace_alu$1535
  creating $alu cell for $flatten\u_core.\g_in[4].u_fifo.$sub$rtl/sync_fifo.sv:65$471: $auto$alumacc.cc:548:replace_alu$1538
  creating $alu cell for $flatten\u_core.\g_in[4].u_fifo.$add$rtl/sync_fifo.sv:64$470: $auto$alumacc.cc:548:replace_alu$1541
  creating $alu cell for $flatten\u_core.\g_in[4].u_fifo.$add$rtl/sync_fifo.sv:62$469: $auto$alumacc.cc:548:replace_alu$1544
  creating $alu cell for $flatten\u_core.\g_in[4].u_fifo.$add$rtl/sync_fifo.sv:61$468: $auto$alumacc.cc:548:replace_alu$1547
  creating $alu cell for $flatten\u_core.\g_arb[0].u_arb.$sub$rtl/rr_arbiter.sv:43$443: $auto$alumacc.cc:548:replace_alu$1550
  creating $alu cell for $flatten\u_core.\g_arb[0].u_arb.$sub$rtl/rr_arbiter.sv:42$440: $auto$alumacc.cc:548:replace_alu$1553
  creating $alu cell for $flatten\u_core.\g_arb[1].u_arb.$sub$rtl/rr_arbiter.sv:43$443: $auto$alumacc.cc:548:replace_alu$1556
  creating $alu cell for $flatten\u_core.\g_arb[1].u_arb.$sub$rtl/rr_arbiter.sv:42$440: $auto$alumacc.cc:548:replace_alu$1559
  creating $alu cell for $flatten\u_core.\g_arb[2].u_arb.$sub$rtl/rr_arbiter.sv:43$443: $auto$alumacc.cc:548:replace_alu$1562
  creating $alu cell for $flatten\u_core.\g_arb[2].u_arb.$sub$rtl/rr_arbiter.sv:42$440: $auto$alumacc.cc:548:replace_alu$1565
  creating $alu cell for $flatten\u_core.\g_arb[3].u_arb.$sub$rtl/rr_arbiter.sv:43$443: $auto$alumacc.cc:548:replace_alu$1568
  creating $alu cell for $flatten\u_core.\g_arb[3].u_arb.$sub$rtl/rr_arbiter.sv:42$440: $auto$alumacc.cc:548:replace_alu$1571
  creating $alu cell for $flatten\u_core.\g_arb[4].u_arb.$sub$rtl/rr_arbiter.sv:43$443: $auto$alumacc.cc:548:replace_alu$1574
  creating $alu cell for $flatten\u_core.\g_arb[4].u_arb.$sub$rtl/rr_arbiter.sv:42$440: $auto$alumacc.cc:548:replace_alu$1577
  created 45 $alu and 2 $macc cells.

13.15. Executing SHARE pass (SAT-based resource sharing).

13.16. Executing OPT pass (performing simple optimizations).

13.16.1. Executing OPT_EXPR pass (perform const folding).
Optimizing module aegis_noc.
<suppressed ~20 debug messages>

13.16.2. Executing OPT_MERGE pass (detect identical cells).
Finding identical cells in module `\aegis_noc'.
Computing hashes of 1071 cells of `\aegis_noc'.
Finding duplicate cells in `\aegis_noc'.
Removed a total of 0 cells.

13.16.3. Executing OPT_MUXTREE pass (detect dead branches in mux trees).
Running muxtree optimizer on module \aegis_noc..
  Creating internal representation of mux trees.
  Evaluating internal representation of mux trees.
  Analyzing evaluation results.
Removed 0 multiplexer ports.
<suppressed ~75 debug messages>

13.16.4. Executing OPT_REDUCE pass (consolidate $*mux and $reduce_* inputs).
  Optimizing cells in module \aegis_noc.
Performed a total of 0 changes.

13.16.5. Executing OPT_MERGE pass (detect identical cells).
Finding identical cells in module `\aegis_noc'.
Computing hashes of 1071 cells of `\aegis_noc'.
Finding duplicate cells in `\aegis_noc'.
Removed a total of 0 cells.

13.16.6. Executing OPT_DFF pass (perform DFF optimizations).

13.16.7. Executing OPT_CLEAN pass (remove unused cells and wires).
Finding unused cells or wires in module \aegis_noc..
Removed 18 unused cells and 48 unused wires.
<suppressed ~21 debug messages>

13.16.8. Executing OPT_EXPR pass (perform const folding).
Optimizing module aegis_noc.

13.16.9. Rerunning OPT passes. (Maybe there is more to do..)

13.16.10. Executing OPT_MUXTREE pass (detect dead branches in mux trees).
Running muxtree optimizer on module \aegis_noc..
  Creating internal representation of mux trees.
  Evaluating internal representation of mux trees.
  Analyzing evaluation results.
Removed 0 multiplexer ports.
<suppressed ~75 debug messages>

13.16.11. Executing OPT_REDUCE pass (consolidate $*mux and $reduce_* inputs).
  Optimizing cells in module \aegis_noc.
Performed a total of 0 changes.

13.16.12. Executing OPT_MERGE pass (detect identical cells).
Finding identical cells in module `\aegis_noc'.
Computing hashes of 1053 cells of `\aegis_noc'.
Finding duplicate cells in `\aegis_noc'.
Removed a total of 0 cells.

13.16.13. Executing OPT_DFF pass (perform DFF optimizations).

13.16.14. Executing OPT_CLEAN pass (remove unused cells and wires).
Finding unused cells or wires in module \aegis_noc..

13.16.15. Executing OPT_EXPR pass (perform const folding).
Optimizing module aegis_noc.

13.16.16. Finished fast OPT passes. (There is nothing left to do.)

13.17. Executing MEMORY pass.

13.17.1. Executing OPT_MEM pass (optimize memories).
Performed a total of 0 transformations.

13.17.2. Executing OPT_MEM_PRIORITY pass (removing unnecessary memory write priority relations).
Performed a total of 0 transformations.

13.17.3. Executing OPT_MEM_FEEDBACK pass (finding memory read-to-write feedback paths).
  Analyzing aegis_noc.u_core.g_in[0].u_fifo.mem write port 0.
  Analyzing aegis_noc.u_core.g_in[1].u_fifo.mem write port 0.
  Analyzing aegis_noc.u_core.g_in[2].u_fifo.mem write port 0.
  Analyzing aegis_noc.u_core.g_in[3].u_fifo.mem write port 0.
  Analyzing aegis_noc.u_core.g_in[4].u_fifo.mem write port 0.

13.17.4. Executing MEMORY_BMUX2ROM pass (converting muxes to ROMs).

13.17.5. Executing OPT_CLEAN pass (remove unused cells and wires).
Finding unused cells or wires in module \aegis_noc..

13.17.6. Executing MEMORY_SHARE pass (consolidating $memrd/$memwr cells).

13.17.7. Executing OPT_MEM_WIDEN pass (optimize memories where all ports are wide).
Performed a total of 0 transformations.

13.17.8. Executing OPT_CLEAN pass (remove unused cells and wires).
Finding unused cells or wires in module \aegis_noc..

13.17.9. Executing MEMORY_COLLECT pass (generating $mem cells).

13.18. Executing OPT_CLEAN pass (remove unused cells and wires).
Finding unused cells or wires in module \aegis_noc..

13.19. Executing OPT pass (performing simple optimizations).

13.19.1. Executing OPT_EXPR pass (perform const folding).
Optimizing module aegis_noc.
<suppressed ~25 debug messages>

13.19.2. Executing OPT_MERGE pass (detect identical cells).
Finding identical cells in module `\aegis_noc'.
Computing hashes of 1038 cells of `\aegis_noc'.
Finding duplicate cells in `\aegis_noc'.
Removed a total of 0 cells.

13.19.3. Executing OPT_DFF pass (perform DFF optimizations).

13.19.4. Executing OPT_CLEAN pass (remove unused cells and wires).
Finding unused cells or wires in module \aegis_noc..
Removed 0 unused cells and 20 unused wires.
<suppressed ~1 debug messages>

13.19.5. Finished fast OPT passes.

13.20. Executing MEMORY_MAP pass (converting memories to logic and flip-flops).
Mapping memory \u_core.g_in[0].u_fifo.mem in module \aegis_noc:
  created 4 $dff cells and 0 static cells of width 32.
  read interface: 0 $dff and 3 $mux cells.
  write interface: 4 write mux blocks.
Mapping memory \u_core.g_in[1].u_fifo.mem in module \aegis_noc:
  created 4 $dff cells and 0 static cells of width 32.
  read interface: 0 $dff and 3 $mux cells.
  write interface: 4 write mux blocks.
Mapping memory \u_core.g_in[2].u_fifo.mem in module \aegis_noc:
  created 4 $dff cells and 0 static cells of width 32.
  read interface: 0 $dff and 3 $mux cells.
  write interface: 4 write mux blocks.
Mapping memory \u_core.g_in[3].u_fifo.mem in module \aegis_noc:
  created 4 $dff cells and 0 static cells of width 32.
  read interface: 0 $dff and 3 $mux cells.
  write interface: 4 write mux blocks.
Mapping memory \u_core.g_in[4].u_fifo.mem in module \aegis_noc:
  created 4 $dff cells and 0 static cells of width 32.
  read interface: 0 $dff and 3 $mux cells.
  write interface: 4 write mux blocks.

13.21. Executing OPT pass (performing simple optimizations).

13.21.1. Executing OPT_EXPR pass (perform const folding).
Optimizing module aegis_noc.
<suppressed ~20 debug messages>

13.21.2. Executing OPT_MERGE pass (detect identical cells).
Finding identical cells in module `\aegis_noc'.
Computing hashes of 1138 cells of `\aegis_noc'.
Finding duplicate cells in `\aegis_noc'.
Removed a total of 0 cells.

13.21.3. Executing OPT_MUXTREE pass (detect dead branches in mux trees).
Running muxtree optimizer on module \aegis_noc..
  Creating internal representation of mux trees.
  Evaluating internal representation of mux trees.
  Analyzing evaluation results.
Removed 0 multiplexer ports.
<suppressed ~105 debug messages>

13.21.4. Executing OPT_REDUCE pass (consolidate $*mux and $reduce_* inputs).
  Optimizing cells in module \aegis_noc.
    Consolidated identical input bits for $mux cell $flatten\u_core.\g_in[0].u_route.$procmux$799:
      Old ports: A=3'001, B=3'100, Y=$flatten\u_core.\g_in[0].u_route.$4\out_port[2:0]
      New ports: A=2'01, B=2'10, Y={ $flatten\u_core.\g_in[0].u_route.$4\out_port[2:0] [2] $flatten\u_core.\g_in[0].u_route.$4\out_port[2:0] [0] }
      New connections: $flatten\u_core.\g_in[0].u_route.$4\out_port[2:0] [1] = 1'0
    Consolidated identical input bits for $mux cell $flatten\u_core.\g_in[1].u_route.$procmux$799:
      Old ports: A=3'001, B=3'100, Y=$flatten\u_core.\g_in[1].u_route.$4\out_port[2:0]
      New ports: A=2'01, B=2'10, Y={ $flatten\u_core.\g_in[1].u_route.$4\out_port[2:0] [2] $flatten\u_core.\g_in[1].u_route.$4\out_port[2:0] [0] }
      New connections: $flatten\u_core.\g_in[1].u_route.$4\out_port[2:0] [1] = 1'0
    Consolidated identical input bits for $mux cell $flatten\u_core.\g_in[2].u_route.$procmux$799:
      Old ports: A=3'001, B=3'100, Y=$flatten\u_core.\g_in[2].u_route.$4\out_port[2:0]
      New ports: A=2'01, B=2'10, Y={ $flatten\u_core.\g_in[2].u_route.$4\out_port[2:0] [2] $flatten\u_core.\g_in[2].u_route.$4\out_port[2:0] [0] }
      New connections: $flatten\u_core.\g_in[2].u_route.$4\out_port[2:0] [1] = 1'0
    Consolidated identical input bits for $mux cell $flatten\u_core.\g_in[3].u_route.$procmux$799:
      Old ports: A=3'001, B=3'100, Y=$flatten\u_core.\g_in[3].u_route.$4\out_port[2:0]
      New ports: A=2'01, B=2'10, Y={ $flatten\u_core.\g_in[3].u_route.$4\out_port[2:0] [2] $flatten\u_core.\g_in[3].u_route.$4\out_port[2:0] [0] }
      New connections: $flatten\u_core.\g_in[3].u_route.$4\out_port[2:0] [1] = 1'0
    Consolidated identical input bits for $mux cell $flatten\u_core.\g_in[4].u_route.$procmux$799:
      Old ports: A=3'001, B=3'100, Y=$flatten\u_core.\g_in[4].u_route.$4\out_port[2:0]
      New ports: A=2'01, B=2'10, Y={ $flatten\u_core.\g_in[4].u_route.$4\out_port[2:0] [2] $flatten\u_core.\g_in[4].u_route.$4\out_port[2:0] [0] }
      New connections: $flatten\u_core.\g_in[4].u_route.$4\out_port[2:0] [1] = 1'0
  Optimizing cells in module \aegis_noc.
    Consolidated identical input bits for $mux cell $flatten\u_core.\g_in[0].u_route.$procmux$811:
      Old ports: A=3'000, B=$flatten\u_core.\g_in[0].u_route.$4\out_port[2:0], Y=$flatten\u_core.\g_in[0].u_route.$3\out_port[2:0]
      New ports: A=2'00, B={ $flatten\u_core.\g_in[0].u_route.$4\out_port[2:0] [2] $flatten\u_core.\g_in[0].u_route.$4\out_port[2:0] [0] }, Y={ $flatten\u_core.\g_in[0].u_route.$3\out_port[2:0] [2] $flatten\u_core.\g_in[0].u_route.$3\out_port[2:0] [0] }
      New connections: $flatten\u_core.\g_in[0].u_route.$3\out_port[2:0] [1] = 1'0
    Consolidated identical input bits for $mux cell $flatten\u_core.\g_in[1].u_route.$procmux$811:
      Old ports: A=3'000, B=$flatten\u_core.\g_in[1].u_route.$4\out_port[2:0], Y=$flatten\u_core.\g_in[1].u_route.$3\out_port[2:0]
      New ports: A=2'00, B={ $flatten\u_core.\g_in[1].u_route.$4\out_port[2:0] [2] $flatten\u_core.\g_in[1].u_route.$4\out_port[2:0] [0] }, Y={ $flatten\u_core.\g_in[1].u_route.$3\out_port[2:0] [2] $flatten\u_core.\g_in[1].u_route.$3\out_port[2:0] [0] }
      New connections: $flatten\u_core.\g_in[1].u_route.$3\out_port[2:0] [1] = 1'0
    Consolidated identical input bits for $mux cell $flatten\u_core.\g_in[2].u_route.$procmux$811:
      Old ports: A=3'000, B=$flatten\u_core.\g_in[2].u_route.$4\out_port[2:0], Y=$flatten\u_core.\g_in[2].u_route.$3\out_port[2:0]
      New ports: A=2'00, B={ $flatten\u_core.\g_in[2].u_route.$4\out_port[2:0] [2] $flatten\u_core.\g_in[2].u_route.$4\out_port[2:0] [0] }, Y={ $flatten\u_core.\g_in[2].u_route.$3\out_port[2:0] [2] $flatten\u_core.\g_in[2].u_route.$3\out_port[2:0] [0] }
      New connections: $flatten\u_core.\g_in[2].u_route.$3\out_port[2:0] [1] = 1'0
    Consolidated identical input bits for $mux cell $flatten\u_core.\g_in[3].u_route.$procmux$811:
      Old ports: A=3'000, B=$flatten\u_core.\g_in[3].u_route.$4\out_port[2:0], Y=$flatten\u_core.\g_in[3].u_route.$3\out_port[2:0]
      New ports: A=2'00, B={ $flatten\u_core.\g_in[3].u_route.$4\out_port[2:0] [2] $flatten\u_core.\g_in[3].u_route.$4\out_port[2:0] [0] }, Y={ $flatten\u_core.\g_in[3].u_route.$3\out_port[2:0] [2] $flatten\u_core.\g_in[3].u_route.$3\out_port[2:0] [0] }
      New connections: $flatten\u_core.\g_in[3].u_route.$3\out_port[2:0] [1] = 1'0
    Consolidated identical input bits for $mux cell $flatten\u_core.\g_in[4].u_route.$procmux$811:
      Old ports: A=3'000, B=$flatten\u_core.\g_in[4].u_route.$4\out_port[2:0], Y=$flatten\u_core.\g_in[4].u_route.$3\out_port[2:0]
      New ports: A=2'00, B={ $flatten\u_core.\g_in[4].u_route.$4\out_port[2:0] [2] $flatten\u_core.\g_in[4].u_route.$4\out_port[2:0] [0] }, Y={ $flatten\u_core.\g_in[4].u_route.$3\out_port[2:0] [2] $flatten\u_core.\g_in[4].u_route.$3\out_port[2:0] [0] }
      New connections: $flatten\u_core.\g_in[4].u_route.$3\out_port[2:0] [1] = 1'0
  Optimizing cells in module \aegis_noc.
Performed a total of 10 changes.

13.21.5. Executing OPT_MERGE pass (detect identical cells).
Finding identical cells in module `\aegis_noc'.
Computing hashes of 1138 cells of `\aegis_noc'.
Finding duplicate cells in `\aegis_noc'.
Removed a total of 0 cells.

13.21.6. Executing OPT_SHARE pass.
    Found cells that share an operand and can be merged by moving the $mux $flatten\u_core.\g_in[0].u_fifo.$procmux$773 in front of them:
        $auto$alumacc.cc:548:replace_alu$1490
        $auto$alumacc.cc:548:replace_alu$1493

    Found cells that share an operand and can be merged by moving the $mux $flatten\u_core.\g_in[1].u_fifo.$procmux$773 in front of them:
        $auto$alumacc.cc:548:replace_alu$1502
        $auto$alumacc.cc:548:replace_alu$1505

    Found cells that share an operand and can be merged by moving the $mux $flatten\u_core.\g_in[2].u_fifo.$procmux$773 in front of them:
        $auto$alumacc.cc:548:replace_alu$1514
        $auto$alumacc.cc:548:replace_alu$1517

    Found cells that share an operand and can be merged by moving the $mux $flatten\u_core.\g_in[3].u_fifo.$procmux$773 in front of them:
        $auto$alumacc.cc:548:replace_alu$1526
        $auto$alumacc.cc:548:replace_alu$1529

    Found cells that share an operand and can be merged by moving the $mux $flatten\u_core.\g_in[4].u_fifo.$procmux$773 in front of them:
        $auto$alumacc.cc:548:replace_alu$1538
        $auto$alumacc.cc:548:replace_alu$1541

13.21.7. Executing OPT_DFF pass (perform DFF optimizations).

13.21.8. Executing OPT_CLEAN pass (remove unused cells and wires).
Finding unused cells or wires in module \aegis_noc..
Removed 0 unused cells and 80 unused wires.
<suppressed ~1 debug messages>

13.21.9. Executing OPT_EXPR pass (perform const folding).
Optimizing module aegis_noc.
<suppressed ~10 debug messages>

13.21.10. Rerunning OPT passes. (Maybe there is more to do..)

13.21.11. Executing OPT_MUXTREE pass (detect dead branches in mux trees).
Running muxtree optimizer on module \aegis_noc..
  Creating internal representation of mux trees.
  Evaluating internal representation of mux trees.
  Analyzing evaluation results.
Removed 0 multiplexer ports.
<suppressed ~105 debug messages>

13.21.12. Executing OPT_REDUCE pass (consolidate $*mux and $reduce_* inputs).
  Optimizing cells in module \aegis_noc.
    Consolidated identical input bits for $mux cell $auto$opt_share.cc:244:merge_operators$1838:
      Old ports: A=3'111, B=3'001, Y=$auto$rtlil.cc:3386:Mux$1839
      New ports: A=1'1, B=1'0, Y=$auto$rtlil.cc:3386:Mux$1839 [1]
      New connections: { $auto$rtlil.cc:3386:Mux$1839 [2] $auto$rtlil.cc:3386:Mux$1839 [0] } = { $auto$rtlil.cc:3386:Mux$1839 [1] 1'1 }
    Consolidated identical input bits for $mux cell $auto$opt_share.cc:244:merge_operators$1845:
      Old ports: A=3'111, B=3'001, Y=$auto$rtlil.cc:3386:Mux$1846
      New ports: A=1'1, B=1'0, Y=$auto$rtlil.cc:3386:Mux$1846 [1]
      New connections: { $auto$rtlil.cc:3386:Mux$1846 [2] $auto$rtlil.cc:3386:Mux$1846 [0] } = { $auto$rtlil.cc:3386:Mux$1846 [1] 1'1 }
    Consolidated identical input bits for $mux cell $auto$opt_share.cc:244:merge_operators$1852:
      Old ports: A=3'111, B=3'001, Y=$auto$rtlil.cc:3386:Mux$1853
      New ports: A=1'1, B=1'0, Y=$auto$rtlil.cc:3386:Mux$1853 [1]
      New connections: { $auto$rtlil.cc:3386:Mux$1853 [2] $auto$rtlil.cc:3386:Mux$1853 [0] } = { $auto$rtlil.cc:3386:Mux$1853 [1] 1'1 }
    Consolidated identical input bits for $mux cell $auto$opt_share.cc:244:merge_operators$1859:
      Old ports: A=3'111, B=3'001, Y=$auto$rtlil.cc:3386:Mux$1860
      New ports: A=1'1, B=1'0, Y=$auto$rtlil.cc:3386:Mux$1860 [1]
      New connections: { $auto$rtlil.cc:3386:Mux$1860 [2] $auto$rtlil.cc:3386:Mux$1860 [0] } = { $auto$rtlil.cc:3386:Mux$1860 [1] 1'1 }
    Consolidated identical input bits for $mux cell $auto$opt_share.cc:244:merge_operators$1866:
      Old ports: A=3'111, B=3'001, Y=$auto$rtlil.cc:3386:Mux$1867
      New ports: A=1'1, B=1'0, Y=$auto$rtlil.cc:3386:Mux$1867 [1]
      New connections: { $auto$rtlil.cc:3386:Mux$1867 [2] $auto$rtlil.cc:3386:Mux$1867 [0] } = { $auto$rtlil.cc:3386:Mux$1867 [1] 1'1 }
  Optimizing cells in module \aegis_noc.
Performed a total of 5 changes.

13.21.13. Executing OPT_MERGE pass (detect identical cells).
Finding identical cells in module `\aegis_noc'.
Computing hashes of 1133 cells of `\aegis_noc'.
Finding duplicate cells in `\aegis_noc'.
Removed a total of 0 cells.

13.21.14. Executing OPT_SHARE pass.

13.21.15. Executing OPT_DFF pass (perform DFF optimizations).
Adding EN signal on $memory\u_core.g_in[0].u_fifo.mem[0]$1590 ($dff) from module aegis_noc (D = \u_core.g_in[0].u_fifo.wdata, Q = \u_core.g_in[0].u_fifo.mem[0]).
Adding EN signal on $memory\u_core.g_in[0].u_fifo.mem[1]$1592 ($dff) from module aegis_noc (D = \u_core.g_in[0].u_fifo.wdata, Q = \u_core.g_in[0].u_fifo.mem[1]).
Adding EN signal on $memory\u_core.g_in[0].u_fifo.mem[2]$1594 ($dff) from module aegis_noc (D = \u_core.g_in[0].u_fifo.wdata, Q = \u_core.g_in[0].u_fifo.mem[2]).
Adding EN signal on $memory\u_core.g_in[0].u_fifo.mem[3]$1596 ($dff) from module aegis_noc (D = \u_core.g_in[0].u_fifo.wdata, Q = \u_core.g_in[0].u_fifo.mem[3]).
Adding EN signal on $memory\u_core.g_in[1].u_fifo.mem[0]$1639 ($dff) from module aegis_noc (D = \u_core.g_in[1].u_fifo.wdata, Q = \u_core.g_in[1].u_fifo.mem[0]).
Adding EN signal on $memory\u_core.g_in[1].u_fifo.mem[1]$1641 ($dff) from module aegis_noc (D = \u_core.g_in[1].u_fifo.wdata, Q = \u_core.g_in[1].u_fifo.mem[1]).
Adding EN signal on $memory\u_core.g_in[1].u_fifo.mem[2]$1643 ($dff) from module aegis_noc (D = \u_core.g_in[1].u_fifo.wdata, Q = \u_core.g_in[1].u_fifo.mem[2]).
Adding EN signal on $memory\u_core.g_in[1].u_fifo.mem[3]$1645 ($dff) from module aegis_noc (D = \u_core.g_in[1].u_fifo.wdata, Q = \u_core.g_in[1].u_fifo.mem[3]).
Adding EN signal on $memory\u_core.g_in[2].u_fifo.mem[0]$1688 ($dff) from module aegis_noc (D = \u_core.g_in[2].u_fifo.wdata, Q = \u_core.g_in[2].u_fifo.mem[0]).
Adding EN signal on $memory\u_core.g_in[2].u_fifo.mem[1]$1690 ($dff) from module aegis_noc (D = \u_core.g_in[2].u_fifo.wdata, Q = \u_core.g_in[2].u_fifo.mem[1]).
Adding EN signal on $memory\u_core.g_in[2].u_fifo.mem[2]$1692 ($dff) from module aegis_noc (D = \u_core.g_in[2].u_fifo.wdata, Q = \u_core.g_in[2].u_fifo.mem[2]).
Adding EN signal on $memory\u_core.g_in[2].u_fifo.mem[3]$1694 ($dff) from module aegis_noc (D = \u_core.g_in[2].u_fifo.wdata, Q = \u_core.g_in[2].u_fifo.mem[3]).
Adding EN signal on $memory\u_core.g_in[3].u_fifo.mem[0]$1737 ($dff) from module aegis_noc (D = \u_core.g_in[3].u_fifo.wdata, Q = \u_core.g_in[3].u_fifo.mem[0]).
Adding EN signal on $memory\u_core.g_in[3].u_fifo.mem[1]$1739 ($dff) from module aegis_noc (D = \u_core.g_in[3].u_fifo.wdata, Q = \u_core.g_in[3].u_fifo.mem[1]).
Adding EN signal on $memory\u_core.g_in[3].u_fifo.mem[2]$1741 ($dff) from module aegis_noc (D = \u_core.g_in[3].u_fifo.wdata, Q = \u_core.g_in[3].u_fifo.mem[2]).
Adding EN signal on $memory\u_core.g_in[3].u_fifo.mem[3]$1743 ($dff) from module aegis_noc (D = \u_core.g_in[3].u_fifo.wdata, Q = \u_core.g_in[3].u_fifo.mem[3]).
Adding EN signal on $memory\u_core.g_in[4].u_fifo.mem[0]$1786 ($dff) from module aegis_noc (D = \u_core.g_in[4].u_fifo.wdata, Q = \u_core.g_in[4].u_fifo.mem[0]).
Adding EN signal on $memory\u_core.g_in[4].u_fifo.mem[1]$1788 ($dff) from module aegis_noc (D = \u_core.g_in[4].u_fifo.wdata, Q = \u_core.g_in[4].u_fifo.mem[1]).
Adding EN signal on $memory\u_core.g_in[4].u_fifo.mem[2]$1790 ($dff) from module aegis_noc (D = \u_core.g_in[4].u_fifo.wdata, Q = \u_core.g_in[4].u_fifo.mem[2]).
Adding EN signal on $memory\u_core.g_in[4].u_fifo.mem[3]$1792 ($dff) from module aegis_noc (D = \u_core.g_in[4].u_fifo.wdata, Q = \u_core.g_in[4].u_fifo.mem[3]).

13.21.16. Executing OPT_CLEAN pass (remove unused cells and wires).
Finding unused cells or wires in module \aegis_noc..
Removed 20 unused cells and 30 unused wires.
<suppressed ~21 debug messages>

13.21.17. Executing OPT_EXPR pass (perform const folding).
Optimizing module aegis_noc.
<suppressed ~5 debug messages>

13.21.18. Rerunning OPT passes. (Maybe there is more to do..)

13.21.19. Executing OPT_MUXTREE pass (detect dead branches in mux trees).
Running muxtree optimizer on module \aegis_noc..
  Creating internal representation of mux trees.
  Evaluating internal representation of mux trees.
  Analyzing evaluation results.
Removed 0 multiplexer ports.
<suppressed ~55 debug messages>

13.21.20. Executing OPT_REDUCE pass (consolidate $*mux and $reduce_* inputs).
  Optimizing cells in module \aegis_noc.
Performed a total of 0 changes.

13.21.21. Executing OPT_MERGE pass (detect identical cells).
Finding identical cells in module `\aegis_noc'.
Computing hashes of 1113 cells of `\aegis_noc'.
Finding duplicate cells in `\aegis_noc'.
Removed a total of 0 cells.

13.21.22. Executing OPT_SHARE pass.

13.21.23. Executing OPT_DFF pass (perform DFF optimizations).

13.21.24. Executing OPT_CLEAN pass (remove unused cells and wires).
Finding unused cells or wires in module \aegis_noc..

13.21.25. Executing OPT_EXPR pass (perform const folding).
Optimizing module aegis_noc.

13.21.26. Finished fast OPT passes. (There is nothing left to do.)

13.22. Executing TECHMAP pass (map to technology primitives).

13.22.1. Executing Verilog-2005 frontend: /opt/homebrew/bin/../share/yosys/techmap.v
Parsing Verilog input from `/opt/homebrew/bin/../share/yosys/techmap.v' to AST representation.
Generating RTLIL representation for module `\_90_simplemap_bool_ops'.
Generating RTLIL representation for module `\_90_simplemap_reduce_ops'.
Generating RTLIL representation for module `\_90_simplemap_logic_ops'.
Generating RTLIL representation for module `\_90_simplemap_compare_ops'.
Generating RTLIL representation for module `\_90_simplemap_various'.
Generating RTLIL representation for module `\_90_simplemap_registers'.
Generating RTLIL representation for module `\_90_shift_ops_shr_shl_sshl_sshr'.
Generating RTLIL representation for module `\_90_shift_shiftx'.
Generating RTLIL representation for module `\_90_fa'.
Generating RTLIL representation for module `\_90_lcu_brent_kung'.
Generating RTLIL representation for module `\_90_alu'.
Generating RTLIL representation for module `\_90_macc'.
Generating RTLIL representation for module `\_90_alumacc'.
Generating RTLIL representation for module `$__div_mod_u'.
Generating RTLIL representation for module `$__div_mod_trunc'.
Generating RTLIL representation for module `\_90_div'.
Generating RTLIL representation for module `\_90_mod'.
Generating RTLIL representation for module `$__div_mod_floor'.
Generating RTLIL representation for module `\_90_divfloor'.
Generating RTLIL representation for module `\_90_modfloor'.
Generating RTLIL representation for module `\_90_pow'.
Generating RTLIL representation for module `\_90_demux'.
Generating RTLIL representation for module `\_90_lut'.
Generating RTLIL representation for module `$connect'.
Generating RTLIL representation for module `$input_port'.
Successfully finished Verilog frontend.

13.22.2. Continuing TECHMAP pass.
Using extmapper simplemap for cells of type $dffe.
Using extmapper simplemap for cells of type $not.
Using extmapper simplemap for cells of type $and.
Using template $paramod$dc04b7d98e503a7bab16fce2df70e6e2c5ca34d6\_90_alu for cells of type $alu.
Using template $paramod$175e67c02b86e96b1288b9dc100122520d7240d8\_90_alu for cells of type $alu.
Using template $paramod$78e969f2586efcf3a5b0b0440bcca0db83d5cca2\_90_alu for cells of type $alu.
Using extmapper simplemap for cells of type $reduce_or.
Using extmapper simplemap for cells of type $reduce_and.
Using template $paramod$b18e16801adf491a64caa0542270798e5d4ac6b6\_90_alu for cells of type $alu.
Using extmapper simplemap for cells of type $or.
Using template $paramod$ba698a254f9a5947e85cbe7beae6b161eefc5386\_90_alu for cells of type $alu.
Using extmapper maccmap for cells of type $macc_v2.
  add \corrected_error_count (32 bits, unsigned)
  add \sec_evt_q [0] (1 bits, unsigned)
  add \sec_evt_q [4] (1 bits, unsigned)
  add \sec_evt_q [3] (1 bits, unsigned)
  add \sec_evt_q [2] (1 bits, unsigned)
  add \sec_evt_q [1] (1 bits, unsigned)
  packed 2 (2) bits / 2 words into adder tree
  add \uncorrectable_error_count (32 bits, unsigned)
  add \ded_evt_q [0] (1 bits, unsigned)
  add \ded_evt_q [4] (1 bits, unsigned)
  add \ded_evt_q [3] (1 bits, unsigned)
  add \ded_evt_q [2] (1 bits, unsigned)
  add \ded_evt_q [1] (1 bits, unsigned)
  packed 2 (2) bits / 2 words into adder tree
Using extmapper simplemap for cells of type $sdffe.
Using extmapper simplemap for cells of type $reduce_bool.
Using extmapper simplemap for cells of type $sdff.
Using extmapper simplemap for cells of type $logic_not.
Using extmapper simplemap for cells of type $eq.
Using extmapper simplemap for cells of type $dff.
Using extmapper simplemap for cells of type $mux.
Using extmapper simplemap for cells of type $logic_and.
Using extmapper simplemap for cells of type $logic_or.
Using extmapper simplemap for cells of type $xor.
Using extmapper simplemap for cells of type $reduce_xor.
Using template $paramod\_90_fa\WIDTH=32'00000000000000000000000000100000 for cells of type $fa.
Using template $paramod$fbc7873bff55778c0b3173955b7e4bce1d9d6834\_90_alu for cells of type $alu.
Using extmapper simplemap for cells of type $pos.
Using template $paramod\_90_fa\WIDTH=32'00000000000000000000000000000101 for cells of type $fa.
Using template $paramod\_90_lcu_brent_kung\WIDTH=32'00000000000000000000000000000101 for cells of type $lcu.
Using template $paramod\_90_fa\WIDTH=32'00000000000000000000000000000010 for cells of type $fa.
Using template $paramod\_90_lcu_brent_kung\WIDTH=32'00000000000000000000000000000010 for cells of type $lcu.
Using template $paramod\_90_fa\WIDTH=32'00000000000000000000000000000011 for cells of type $fa.
Using template $paramod\_90_lcu_brent_kung\WIDTH=32'00000000000000000000000000000011 for cells of type $lcu.
Using template $paramod\_90_lcu_brent_kung\WIDTH=32'00000000000000000000000000100000 for cells of type $lcu.
No more expansions possible.
<suppressed ~2806 debug messages>

13.23. Executing OPT pass (performing simple optimizations).

13.23.1. Executing OPT_EXPR pass (perform const folding).
Optimizing module aegis_noc.
<suppressed ~4527 debug messages>

13.23.2. Executing OPT_MERGE pass (detect identical cells).
Finding identical cells in module `\aegis_noc'.
Computing hashes of 7595 cells of `\aegis_noc'.
Finding duplicate cells in `\aegis_noc'.
Computing hashes of 6610 cells of `\aegis_noc'.
Finding duplicate cells in `\aegis_noc'.
Computing hashes of 6215 cells of `\aegis_noc'.
Finding duplicate cells in `\aegis_noc'.
Computing hashes of 6125 cells of `\aegis_noc'.
Finding duplicate cells in `\aegis_noc'.
<suppressed ~4410 debug messages>
Removed a total of 1470 cells.

13.23.3. Executing OPT_DFF pass (perform DFF optimizations).

13.23.4. Executing OPT_CLEAN pass (remove unused cells and wires).
Finding unused cells or wires in module \aegis_noc..
Removed 131 unused cells and 3446 unused wires.
<suppressed ~144 debug messages>

13.23.5. Finished fast OPT passes.

13.24. Executing ABC pass (technology mapping using ABC).

13.24.1. Extracting gate netlist of module `\aegis_noc' to `<abc-temp-dir>/input.blif'..

13.24.1.1. Executed ABC.
Extracted 5028 gates and 6175 wires to a netlist network with 1145 inputs and 546 outputs.
Running ABC script: <abc-temp-dir>/abc.script
ABC: ======== ABC command line "source <abc-temp-dir>/abc.script"
ABC: + read_blif <abc-temp-dir>/input.blif 
ABC: + read_library <abc-temp-dir>/stdcells.genlib 
ABC: + strash 
ABC: + &get -n 
ABC: + &fraig -x 
ABC: + &put 
ABC: + scorr 
ABC: Warning: The network is combinational (run "fraig" or "fraig_sweep").
ABC: + dc2 
ABC: + dretime 
ABC: + strash 
ABC: + &get -n 
ABC: + &dch -f 
ABC: + &nf 
ABC: + &put 
ABC: + write_blif <abc-temp-dir>/output.blif 

13.24.1.2. Re-integrating ABC results.
ABC RESULTS:               AND cells:      744
ABC RESULTS:            ANDNOT cells:       92
ABC RESULTS:               MUX cells:      486
ABC RESULTS:              NAND cells:     1221
ABC RESULTS:               NOR cells:       43
ABC RESULTS:               NOT cells:       30
ABC RESULTS:                OR cells:       62
ABC RESULTS:             ORNOT cells:       40
ABC RESULTS:              XNOR cells:      810
ABC RESULTS:               XOR cells:      234
ABC RESULTS:              ZERO cells:        8
ABC RESULTS:        internal signals:     4484
ABC RESULTS:           input signals:     1145
ABC RESULTS:          output signals:      546
Removing temp directory.
Removing global temp directory.

13.25. Executing OPT pass (performing simple optimizations).

13.25.1. Executing OPT_EXPR pass (perform const folding).
Optimizing module aegis_noc.

13.25.2. Executing OPT_MERGE pass (detect identical cells).
Finding identical cells in module `\aegis_noc'.
Computing hashes of 4728 cells of `\aegis_noc'.
Finding duplicate cells in `\aegis_noc'.
Computing hashes of 4718 cells of `\aegis_noc'.
Finding duplicate cells in `\aegis_noc'.
Computing hashes of 4715 cells of `\aegis_noc'.
Finding duplicate cells in `\aegis_noc'.
<suppressed ~39 debug messages>
Removed a total of 13 cells.

13.25.3. Executing OPT_DFF pass (perform DFF optimizations).
Setting constant 0-bit at position 0 on $auto$ff.cc:337:slice$2905 ($_SDFFE_PP0P_) from module aegis_noc.
Setting constant 0-bit at position 0 on $auto$ff.cc:337:slice$2836 ($_SDFFE_PP0P_) from module aegis_noc.
Setting constant 0-bit at position 0 on $auto$ff.cc:337:slice$2804 ($_SDFFE_PP0P_) from module aegis_noc.
Setting constant 0-bit at position 0 on $auto$ff.cc:337:slice$2940 ($_SDFFE_PP0P_) from module aegis_noc.

13.25.4. Executing OPT_CLEAN pass (remove unused cells and wires).
Finding unused cells or wires in module \aegis_noc..
Removed 0 unused cells and 3349 unused wires.
<suppressed ~108 debug messages>

13.25.5. Rerunning OPT passes. (Removed registers in this run.)

13.25.6. Executing OPT_EXPR pass (perform const folding).
Optimizing module aegis_noc.
<suppressed ~15 debug messages>

13.25.7. Executing OPT_MERGE pass (detect identical cells).
Finding identical cells in module `\aegis_noc'.
Computing hashes of 4704 cells of `\aegis_noc'.
Finding duplicate cells in `\aegis_noc'.
Computing hashes of 4703 cells of `\aegis_noc'.
Finding duplicate cells in `\aegis_noc'.
<suppressed ~3 debug messages>
Removed a total of 1 cells.

13.25.8. Executing OPT_DFF pass (perform DFF optimizations).

13.25.9. Executing OPT_CLEAN pass (remove unused cells and wires).
Finding unused cells or wires in module \aegis_noc..
Removed 1 unused cells and 17 unused wires.
<suppressed ~2 debug messages>

13.25.10. Finished fast OPT passes.

13.26. Executing HIERARCHY pass (managing design hierarchy).
Attribute `top' found on module `aegis_noc'. Setting top module to aegis_noc.

13.26.1. Analyzing design hierarchy..
Top module:  \aegis_noc

13.26.2. Analyzing design hierarchy..
Top module:  \aegis_noc
Removed 0 unused modules.

13.27. Printing statistics.

=== aegis_noc ===

        +----------Local Count, excluding submodules.
        | 
     3482 wires
     7003 wire bits
      173 public wires
     3540 public wire bits
       12 ports
      478 port bits
     4702 cells
       92   $_ANDNOT_
      744   $_AND_
      640   $_DFFE_PP_
       25   $_DFF_P_
      486   $_MUX_
     1221   $_NAND_
       43   $_NOR_
       35   $_NOT_
       40   $_ORNOT_
       56   $_OR_
      190   $_SDFFE_PP0P_
       74   $_SDFF_PP0_
      802   $_XNOR_
      227   $_XOR_
       27   $scopeinfo

13.28. Executing CHECK pass (checking for obvious problems).
Checking module aegis_noc...
Found and reported 0 problems.

14. Executing CHECK pass (checking for obvious problems).
Checking module aegis_noc...
Found and reported 0 problems.

15. Printing statistics.

=== aegis_noc ===

        +----------Local Count, excluding submodules.
        | 
     3482 wires
     7003 wire bits
      173 public wires
     3540 public wire bits
       12 ports
      478 port bits
     4702 cells
       92   $_ANDNOT_
      744   $_AND_
      640   $_DFFE_PP_
       25   $_DFF_P_
      486   $_MUX_
     1221   $_NAND_
       43   $_NOR_
       35   $_NOT_
       40   $_ORNOT_
       56   $_OR_
      190   $_SDFFE_PP0P_
       74   $_SDFF_PP0_
      802   $_XNOR_
      227   $_XOR_
       27   $scopeinfo

16. Executing DFFLEGALIZE pass (convert FFs and LATCHes to types supported by the target).

17. Executing ABC pass (technology mapping using ABC).

17.1. Extracting gate netlist of module `\aegis_noc' to `<abc-temp-dir>/input.blif'..

17.1.1. Executed ABC.
Extracted 4840 gates and 5976 wires to a netlist network with 1135 inputs and 971 outputs.
Running ABC script: <abc-temp-dir>/abc.script
ABC: ======== ABC command line "source <abc-temp-dir>/abc.script"
ABC: + read_blif <abc-temp-dir>/input.blif 
ABC: + read_library <abc-temp-dir>/stdcells.genlib 
ABC: + strash 
ABC: + &get -n 
ABC: + &fraig -x 
ABC: + &put 
ABC: + scorr 
ABC: Warning: The network is combinational (run "fraig" or "fraig_sweep").
ABC: + dc2 
ABC: + dretime 
ABC: + strash 
ABC: + &get -n 
ABC: + &dch -f 
ABC: + &nf 
ABC: + &put 
ABC: + write_blif <abc-temp-dir>/output.blif 

17.1.2. Re-integrating ABC results.
ABC RESULTS:              NAND cells:     7950
ABC RESULTS:               NOR cells:     2941
ABC RESULTS:               NOT cells:     1121
ABC RESULTS:        internal signals:     3870
ABC RESULTS:           input signals:     1135
ABC RESULTS:          output signals:      971
Removing temp directory.
Removing global temp directory.

18. Executing OPT_CLEAN pass (remove unused cells and wires).
Finding unused cells or wires in module \aegis_noc..
Removed 0 unused cells and 5608 unused wires.
<suppressed ~29 debug messages>

19. Printing statistics.

=== aegis_noc ===

        +----------Local Count, excluding submodules.
        | 
    12115 wires
    14850 wire bits
      145 public wires
     2880 public wire bits
       12 ports
      478 port bits
    12968 cells
      929   $_DFF_P_
     7950   $_NAND_
     2941   $_NOR_
     1121   $_NOT_
       27   $scopeinfo

   Estimated number of transistors:      60670+

20. Executing LTP pass (find longest path).

Longest topological path in aegis_noc (length=46):
    0: \corrected_error_count [0]
    1: $abc$23246$new_n13391 (via $abc$23246$auto$blifparse.cc:397:parse_blif$34531)
    2: $abc$23246$new_n13392 (via $abc$23246$auto$blifparse.cc:397:parse_blif$34532)
    3: $abc$23246$new_n13394 (via $abc$23246$auto$blifparse.cc:397:parse_blif$34534)
    4: $abc$23246$new_n13404 (via $abc$23246$auto$blifparse.cc:397:parse_blif$34544)
    5: $abc$23246$new_n13406 (via $abc$23246$auto$blifparse.cc:397:parse_blif$34546)
    6: $abc$23246$new_n13410 (via $abc$23246$auto$blifparse.cc:397:parse_blif$34550)
    7: $abc$23246$new_n13412 (via $abc$23246$auto$blifparse.cc:397:parse_blif$34552)
    8: $abc$23246$new_n13413 (via $abc$23246$auto$blifparse.cc:397:parse_blif$34553)
    9: $abc$23246$new_n13424 (via $abc$23246$auto$blifparse.cc:397:parse_blif$34564)
   10: $abc$23246$new_n13425 (via $abc$23246$auto$blifparse.cc:397:parse_blif$34565)
   11: $abc$23246$new_n13426 (via $abc$23246$auto$blifparse.cc:397:parse_blif$34566)
   12: $abc$23246$new_n13433 (via $abc$23246$auto$blifparse.cc:397:parse_blif$34573)
   13: $abc$23246$new_n13435 (via $abc$23246$auto$blifparse.cc:397:parse_blif$34575)
   14: $abc$23246$new_n13440 (via $abc$23246$auto$blifparse.cc:397:parse_blif$34580)
   15: $abc$23246$new_n13442 (via $abc$23246$auto$blifparse.cc:397:parse_blif$34582)
   16: $abc$23246$new_n13444 (via $abc$23246$auto$blifparse.cc:397:parse_blif$34584)
   17: $abc$23246$new_n13445 (via $abc$23246$auto$blifparse.cc:397:parse_blif$34585)
   18: $abc$23246$new_n13448 (via $abc$23246$auto$blifparse.cc:397:parse_blif$34588)
   19: $abc$23246$new_n13449 (via $abc$23246$auto$blifparse.cc:397:parse_blif$34589)
   20: $abc$23246$new_n13452 (via $abc$23246$auto$blifparse.cc:397:parse_blif$34592)
   21: $abc$23246$new_n13453 (via $abc$23246$auto$blifparse.cc:397:parse_blif$34593)
   22: $abc$23246$new_n13456 (via $abc$23246$auto$blifparse.cc:397:parse_blif$34596)
   23: $abc$23246$new_n13457 (via $abc$23246$auto$blifparse.cc:397:parse_blif$34597)
   24: $abc$23246$new_n13460 (via $abc$23246$auto$blifparse.cc:397:parse_blif$34600)
   25: $abc$23246$new_n13461 (via $abc$23246$auto$blifparse.cc:397:parse_blif$34601)
   26: $abc$23246$new_n13464 (via $abc$23246$auto$blifparse.cc:397:parse_blif$34604)
   27: $abc$23246$new_n13465 (via $abc$23246$auto$blifparse.cc:397:parse_blif$34605)
   28: $abc$23246$new_n13468 (via $abc$23246$auto$blifparse.cc:397:parse_blif$34608)
   29: $abc$23246$new_n13469 (via $abc$23246$auto$blifparse.cc:397:parse_blif$34609)
   30: $abc$23246$new_n13472 (via $abc$23246$auto$blifparse.cc:397:parse_blif$34612)
   31: $abc$23246$new_n13473 (via $abc$23246$auto$blifparse.cc:397:parse_blif$34613)
   32: $abc$23246$new_n13476 (via $abc$23246$auto$blifparse.cc:397:parse_blif$34616)
   33: $abc$23246$new_n13477 (via $abc$23246$auto$blifparse.cc:397:parse_blif$34617)
   34: $abc$23246$new_n13480 (via $abc$23246$auto$blifparse.cc:397:parse_blif$34620)
   35: $abc$23246$new_n13481 (via $abc$23246$auto$blifparse.cc:397:parse_blif$34621)
   36: $abc$23246$new_n13484 (via $abc$23246$auto$blifparse.cc:397:parse_blif$34624)
   37: $abc$23246$new_n13485 (via $abc$23246$auto$blifparse.cc:397:parse_blif$34625)
   38: $abc$23246$new_n13488 (via $abc$23246$auto$blifparse.cc:397:parse_blif$34628)
   39: $abc$23246$new_n13489 (via $abc$23246$auto$blifparse.cc:397:parse_blif$34629)
   40: $abc$23246$new_n13492 (via $abc$23246$auto$blifparse.cc:397:parse_blif$34632)
   41: $abc$23246$new_n13493 (via $abc$23246$auto$blifparse.cc:397:parse_blif$34633)
   42: $abc$23246$new_n13496 (via $abc$23246$auto$blifparse.cc:397:parse_blif$34636)
   43: $abc$23246$new_n13497 (via $abc$23246$auto$blifparse.cc:397:parse_blif$34637)
   44: $abc$23246$new_n13870 (via $abc$23246$auto$blifparse.cc:397:parse_blif$35010)
   45: $abc$23246$new_n13872 (via $abc$23246$auto$blifparse.cc:397:parse_blif$35012)
   46: $abc$23246$auto$rtlil.cc:3497:MuxGate$23105 (via $abc$23246$auto$blifparse.cc:397:parse_blif$35013)
   ff: \corrected_error_count [31] (via $auto$ff.cc:337:slice$3064)

21. Executing Verilog backend.

21.1. Executing BMUXMAP pass.

21.2. Executing DEMUXMAP pass.
Dumping module `\aegis_noc'.

End of script. Logfile hash: 56ee0c0ace, time: 2.14s, user: 0.54s, system: 0.02s, MEM: 71.16 MB peak
Yosys 0.69+post (git sha1 143eb14f9cc55d6f8927e68523b0c9d2166ed02c, Release, AppleClang clang++ 21.0.0.21000101)
Time spent: 77% 2x abc (1 sec), 5% 24x opt_clean (0 sec), ...
